views,date
264542787,2015-07-01T00:00:00Z
270340050,2015-07-02T00:00:00Z
253265588,2015-07-03T00:00:00Z
253088829,2015-07-04T00:00:00Z
266057125,2015-07-05T00:00:00Z
295232447,2015-07-06T00:00:00Z
284852934,2015-07-07T00:00:00Z
284349313,2015-07-08T00:00:00Z
287886577,2015-07-09T00:00:00Z
272928819,2015-07-10T00:00:00Z
256332749,2015-07-11T00:00:00Z
277496269,2015-07-12T00:00:00Z
291507231,2015-07-13T00:00:00Z
285623430,2015-07-14T00:00:00Z
279702749,2015-07-15T00:00:00Z
275494706,2015-07-16T00:00:00Z
265363827,2015-07-17T00:00:00Z
254878046,2015-07-18T00:00:00Z
274995432,2015-07-19T00:00:00Z
291594028,2015-07-20T00:00:00Z
279927644,2015-07-21T00:00:00Z
278059086,2015-07-22T00:00:00Z
276560959,2015-07-23T00:00:00Z
265616838,2015-07-24T00:00:00Z
259880080,2015-07-25T00:00:00Z
273793015,2015-07-26T00:00:00Z
278781180,2015-07-27T00:00:00Z
286076545,2015-07-28T00:00:00Z
298396278,2015-07-29T00:00:00Z
270553655,2015-07-30T00:00:00Z
264423447,2015-07-31T00:00:00Z
254031394,2015-08-01T00:00:00Z
260589061,2015-08-02T00:00:00Z
244654250,2015-08-03T00:00:00Z
270049948,2015-08-04T00:00:00Z
268896090,2015-08-05T00:00:00Z
266350532,2015-08-06T00:00:00Z
266093608,2015-08-07T00:00:00Z
252998454,2015-08-08T00:00:00Z
274011785,2015-08-09T00:00:00Z
271645974,2015-08-10T00:00:00Z
281510157,2015-08-11T00:00:00Z
275514918,2015-08-12T00:00:00Z
273490639,2015-08-13T00:00:00Z
266648770,2015-08-14T00:00:00Z
255128973,2015-08-15T00:00:00Z
277794226,2015-08-16T00:00:00Z
289032998,2015-08-17T00:00:00Z
282907632,2015-08-18T00:00:00Z
277939741,2015-08-19T00:00:00Z
277204958,2015-08-20T00:00:00Z
268864807,2015-08-21T00:00:00Z
258078689,2015-08-22T00:00:00Z
282519959,2015-08-23T00:00:00Z
288348355,2015-08-24T00:00:00Z
286828095,2015-08-25T00:00:00Z
283092256,2015-08-26T00:00:00Z
272073171,2015-08-27T00:00:00Z
264922452,2015-08-28T00:00:00Z
255909267,2015-08-29T00:00:00Z
271658445,2015-08-30T00:00:00Z
286969369,2015-08-31T00:00:00Z
277175388,2015-09-01T00:00:00Z
283209905,2015-09-02T00:00:00Z
287347360,2015-09-03T00:00:00Z
272337139,2015-09-04T00:00:00Z
268422518,2015-09-05T00:00:00Z
292254040,2015-09-06T00:00:00Z
306425772,2015-09-07T00:00:00Z
316571838,2015-09-08T00:00:00Z
294412148,2015-09-09T00:00:00Z
280450803,2015-09-10T00:00:00Z
284327160,2015-09-11T00:00:00Z
273942201,2015-09-12T00:00:00Z
292669881,2015-09-13T00:00:00Z
295846688,2015-09-14T00:00:00Z
293569540,2015-09-15T00:00:00Z
297021744,2015-09-16T00:00:00Z
297512694,2015-09-17T00:00:00Z
278388148,2015-09-18T00:00:00Z
263015347,2015-09-19T00:00:00Z
288762738,2015-09-20T00:00:00Z
304978344,2015-09-21T00:00:00Z
299851614,2015-09-22T00:00:00Z
301224672,2015-09-23T00:00:00Z
294673691,2015-09-24T00:00:00Z
278297634,2015-09-25T00:00:00Z
261605562,2015-09-26T00:00:00Z
285083276,2015-09-27T00:00:00Z
296466615,2015-09-28T00:00:00Z
291466986,2015-09-29T00:00:00Z
287618502,2015-09-30T00:00:00Z
271921429,2015-10-01T00:00:00Z
270151607,2015-10-02T00:00:00Z
258751742,2015-10-03T00:00:00Z
284354777,2015-10-04T00:00:00Z
296780121,2015-10-05T00:00:00Z
310252624,2015-10-06T00:00:00Z
300292763,2015-10-07T00:00:00Z
284003731,2015-10-08T00:00:00Z
276296587,2015-10-09T00:00:00Z
264495197,2015-10-10T00:00:00Z
275900559,2015-10-11T00:00:00Z
298693418,2015-10-12T00:00:00Z
302324049,2015-10-13T00:00:00Z
304437248,2015-10-14T00:00:00Z
299056485,2015-10-15T00:00:00Z
275790456,2015-10-16T00:00:00Z
264802774,2015-10-17T00:00:00Z
286584148,2015-10-18T00:00:00Z
299890968,2015-10-19T00:00:00Z
304620198,2015-10-20T00:00:00Z
298490393,2015-10-21T00:00:00Z
300193471,2015-10-22T00:00:00Z
282999326,2015-10-23T00:00:00Z
264310245,2015-10-24T00:00:00Z
283358290,2015-10-25T00:00:00Z
298041553,2015-10-26T00:00:00Z
299052180,2015-10-27T00:00:00Z
292374069,2015-10-28T00:00:00Z
293789339,2015-10-29T00:00:00Z
275004936,2015-10-30T00:00:00Z
258645698,2015-10-31T00:00:00Z
273714443,2015-11-01T00:00:00Z
298299826,2015-11-02T00:00:00Z
304650107,2015-11-03T00:00:00Z
300623659,2015-11-04T00:00:00Z
293789433,2015-11-05T00:00:00Z
287455738,2015-11-06T00:00:00Z
265579957,2015-11-07T00:00:00Z
289463195,2015-11-08T00:00:00Z
305334063,2015-11-09T00:00:00Z
301091414,2015-11-10T00:00:00Z
289213009,2015-11-11T00:00:00Z
294806142,2015-11-12T00:00:00Z
272254661,2015-11-13T00:00:00Z
258590230,2015-11-14T00:00:00Z
290753420,2015-11-15T00:00:00Z
302159782,2015-11-16T00:00:00Z
285840190,2015-11-17T00:00:00Z
285742685,2015-11-18T00:00:00Z
290707407,2015-11-19T00:00:00Z
279494821,2015-11-20T00:00:00Z
265257365,2015-11-21T00:00:00Z
287187064,2015-11-22T00:00:00Z
296738430,2015-11-23T00:00:00Z
291015849,2015-11-24T00:00:00Z
277746090,2015-11-25T00:00:00Z
273562350,2015-11-26T00:00:00Z
265316343,2015-11-27T00:00:00Z
270001193,2015-11-28T00:00:00Z
286316830,2015-11-29T00:00:00Z
299239042,2015-11-30T00:00:00Z
292104694,2015-12-01T00:00:00Z
291268249,2015-12-02T00:00:00Z
284829416,2015-12-03T00:00:00Z
280259970,2015-12-04T00:00:00Z
261321725,2015-12-05T00:00:00Z
284166132,2015-12-06T00:00:00Z
305591702,2015-12-07T00:00:00Z
298981602,2015-12-08T00:00:00Z
294528943,2015-12-09T00:00:00Z
288164319,2015-12-10T00:00:00Z
283184710,2015-12-11T00:00:00Z
259204185,2015-12-12T00:00:00Z
288988287,2015-12-13T00:00:00Z
303919804,2015-12-14T00:00:00Z
292996869,2015-12-15T00:00:00Z
280420003,2015-12-16T00:00:00Z
273632771,2015-12-17T00:00:00Z
265359978,2015-12-18T00:00:00Z
256322232,2015-12-19T00:00:00Z
271949861,2015-12-20T00:00:00Z
284654893,2015-12-21T00:00:00Z
272056474,2015-12-22T00:00:00Z
261159653,2015-12-23T00:00:00Z
248994671,2015-12-24T00:00:00Z
236567068,2015-12-25T00:00:00Z
263403143,2015-12-26T00:00:00Z
272364078,2015-12-27T00:00:00Z
283363984,2015-12-28T00:00:00Z
288157183,2015-12-29T00:00:00Z
279005583,2015-12-30T00:00:00Z
260395335,2015-12-31T00:00:00Z
269391451,2016-01-01T00:00:00Z
292923392,2016-01-02T00:00:00Z
299498830,2016-01-03T00:00:00Z
305898529,2016-01-04T00:00:00Z
300297408,2016-01-05T00:00:00Z
300678115,2016-01-06T00:00:00Z
304713202,2016-01-07T00:00:00Z
288970291,2016-01-08T00:00:00Z
284898212,2016-01-09T00:00:00Z
308798350,2016-01-10T00:00:00Z
342803013,2016-01-11T00:00:00Z
317057092,2016-01-12T00:00:00Z
308944119,2016-01-13T00:00:00Z
304444113,2016-01-14T00:00:00Z
288739213,2016-01-15T00:00:00Z
277562846,2016-01-16T00:00:00Z
299010122,2016-01-17T00:00:00Z
312077869,2016-01-18T00:00:00Z
310694200,2016-01-19T00:00:00Z
302330524,2016-01-20T00:00:00Z
299256217,2016-01-21T00:00:00Z
293855444,2016-01-22T00:00:00Z
284118970,2016-01-23T00:00:00Z
308509566,2016-01-24T00:00:00Z
319189451,2016-01-25T00:00:00Z
306248542,2016-01-26T00:00:00Z
311784470,2016-01-27T00:00:00Z
305429396,2016-01-28T00:00:00Z
292860734,2016-01-29T00:00:00Z
280442928,2016-01-30T00:00:00Z
309442984,2016-01-31T00:00:00Z
318417718,2016-02-01T00:00:00Z
308080448,2016-02-02T00:00:00Z
306236069,2016-02-03T00:00:00Z
298205006,2016-02-04T00:00:00Z
288291145,2016-02-05T00:00:00Z
278458366,2016-02-06T00:00:00Z
294443092,2016-02-07T00:00:00Z
311012416,2016-02-08T00:00:00Z
296445525,2016-02-09T00:00:00Z
302206168,2016-02-10T00:00:00Z
296033934,2016-02-11T00:00:00Z
285452176,2016-02-12T00:00:00Z
276360346,2016-02-13T00:00:00Z
293033873,2016-02-14T00:00:00Z
308733020,2016-02-15T00:00:00Z
315589993,2016-02-16T00:00:00Z
304432889,2016-02-17T00:00:00Z
300731186,2016-02-18T00:00:00Z
293042021,2016-02-19T00:00:00Z
278730865,2016-02-20T00:00:00Z
303452594,2016-02-21T00:00:00Z
318861105,2016-02-22T00:00:00Z
310597947,2016-02-23T00:00:00Z
303788833,2016-02-24T00:00:00Z
301885891,2016-02-25T00:00:00Z
284928877,2016-02-26T00:00:00Z
274840608,2016-02-27T00:00:00Z
296177152,2016-02-28T00:00:00Z
335898111,2016-02-29T00:00:00Z
306614522,2016-03-01T00:00:00Z
297710332,2016-03-02T00:00:00Z
302308982,2016-03-03T00:00:00Z
291982970,2016-03-04T00:00:00Z
280143829,2016-03-05T00:00:00Z
301260781,2016-03-06T00:00:00Z
308006355,2016-03-07T00:00:00Z
292561928,2016-03-08T00:00:00Z
291232693,2016-03-09T00:00:00Z
278003413,2016-03-10T00:00:00Z
267230734,2016-03-11T00:00:00Z
259953471,2016-03-12T00:00:00Z
279198265,2016-03-13T00:00:00Z
292208558,2016-03-14T00:00:00Z
285460298,2016-03-15T00:00:00Z
286286397,2016-03-16T00:00:00Z
289867214,2016-03-17T00:00:00Z
267411157,2016-03-18T00:00:00Z
256882572,2016-03-19T00:00:00Z
276341092,2016-03-20T00:00:00Z
289192286,2016-03-21T00:00:00Z
276628993,2016-03-22T00:00:00Z
274128787,2016-03-23T00:00:00Z
275701143,2016-03-24T00:00:00Z
270870821,2016-03-25T00:00:00Z
265077454,2016-03-26T00:00:00Z
282050904,2016-03-27T00:00:00Z
297127542,2016-03-28T00:00:00Z
293126836,2016-03-29T00:00:00Z
287588313,2016-03-30T00:00:00Z
280453014,2016-03-31T00:00:00Z
282040486,2016-04-01T00:00:00Z
327251629,2016-04-02T00:00:00Z
359114588,2016-04-03T00:00:00Z
345016011,2016-04-04T00:00:00Z
353307680,2016-04-05T00:00:00Z
355058066,2016-04-06T00:00:00Z
288426116,2016-04-07T00:00:00Z
281833846,2016-04-08T00:00:00Z
271472693,2016-04-09T00:00:00Z
288902872,2016-04-10T00:00:00Z
301643469,2016-04-11T00:00:00Z
293714454,2016-04-12T00:00:00Z
295643348,2016-04-13T00:00:00Z
294916381,2016-04-14T00:00:00Z
274987232,2016-04-15T00:00:00Z
259284450,2016-04-16T00:00:00Z
280435583,2016-04-17T00:00:00Z
301547803,2016-04-18T00:00:00Z
294577437,2016-04-19T00:00:00Z
293295773,2016-04-20T00:00:00Z
304883241,2016-04-21T00:00:00Z
292187203,2016-04-22T00:00:00Z
274347732,2016-04-23T00:00:00Z
293429524,2016-04-24T00:00:00Z
305126383,2016-04-25T00:00:00Z
292830009,2016-04-26T00:00:00Z
293148892,2016-04-27T00:00:00Z
291544151,2016-04-28T00:00:00Z
278733470,2016-04-29T00:00:00Z
264208051,2016-04-30T00:00:00Z
277225161,2016-05-01T00:00:00Z
298173849,2016-05-02T00:00:00Z
296286403,2016-05-03T00:00:00Z
293119439,2016-05-04T00:00:00Z
285947932,2016-05-05T00:00:00Z
284471514,2016-05-06T00:00:00Z
272564834,2016-05-07T00:00:00Z
286315126,2016-05-08T00:00:00Z
300055738,2016-05-09T00:00:00Z
303983209,2016-05-10T00:00:00Z
297359556,2016-05-11T00:00:00Z
284445901,2016-05-12T00:00:00Z
275228338,2016-05-13T00:00:00Z
262282628,2016-05-14T00:00:00Z
283663874,2016-05-15T00:00:00Z
298081584,2016-05-16T00:00:00Z
293516517,2016-05-17T00:00:00Z
294611751,2016-05-18T00:00:00Z
287091725,2016-05-19T00:00:00Z
271528013,2016-05-20T00:00:00Z
273177179,2016-05-21T00:00:00Z
285141119,2016-05-22T00:00:00Z
299693369,2016-05-23T00:00:00Z
286769362,2016-05-24T00:00:00Z
279235051,2016-05-25T00:00:00Z
278106707,2016-05-26T00:00:00Z
263288391,2016-05-27T00:00:00Z
255744680,2016-05-28T00:00:00Z
267013358,2016-05-29T00:00:00Z
285710639,2016-05-30T00:00:00Z
296512746,2016-05-31T00:00:00Z
294960291,2016-06-01T00:00:00Z
280555037,2016-06-02T00:00:00Z
277885657,2016-06-03T00:00:00Z
277640046,2016-06-04T00:00:00Z
288203108,2016-06-05T00:00:00Z
291435633,2016-06-06T00:00:00Z
285370772,2016-06-07T00:00:00Z
279460994,2016-06-08T00:00:00Z
278066605,2016-06-09T00:00:00Z
271873949,2016-06-10T00:00:00Z
268153389,2016-06-11T00:00:00Z
292320982,2016-06-12T00:00:00Z
300554451,2016-06-13T00:00:00Z
295498470,2016-06-14T00:00:00Z
291110078,2016-06-15T00:00:00Z
279319712,2016-06-16T00:00:00Z
265692508,2016-06-17T00:00:00Z
262121521,2016-06-18T00:00:00Z
274139953,2016-06-19T00:00:00Z
294885696,2016-06-20T00:00:00Z
286765176,2016-06-21T00:00:00Z
280922053,2016-06-22T00:00:00Z
283084054,2016-06-23T00:00:00Z
273171252,2016-06-24T00:00:00Z
269655254,2016-06-25T00:00:00Z
274074308,2016-06-26T00:00:00Z
287383271,2016-06-27T00:00:00Z
293224462,2016-06-28T00:00:00Z
287318574,2016-06-29T00:00:00Z
284919539,2016-06-30T00:00:00Z
278539304,2016-07-01T00:00:00Z
263780261,2016-07-02T00:00:00Z
269670292,2016-07-03T00:00:00Z
287008036,2016-07-04T00:00:00Z
288716991,2016-07-05T00:00:00Z
294317110,2016-07-06T00:00:00Z
277779960,2016-07-07T00:00:00Z
259449522,2016-07-08T00:00:00Z
264742220,2016-07-09T00:00:00Z
284542217,2016-07-10T00:00:00Z
289368193,2016-07-11T00:00:00Z
286603707,2016-07-12T00:00:00Z
275003580,2016-07-13T00:00:00Z
270313094,2016-07-14T00:00:00Z
263881614,2016-07-15T00:00:00Z
261979848,2016-07-16T00:00:00Z
268093896,2016-07-17T00:00:00Z
280404156,2016-07-18T00:00:00Z
282429274,2016-07-19T00:00:00Z
292991824,2016-07-20T00:00:00Z
306587526,2016-07-21T00:00:00Z
311051676,2016-07-22T00:00:00Z
305499818,2016-07-23T00:00:00Z
319530649,2016-07-24T00:00:00Z
329881309,2016-07-25T00:00:00Z
337267802,2016-07-26T00:00:00Z
328790943,2016-07-27T00:00:00Z
325162591,2016-07-28T00:00:00Z
322733030,2016-07-29T00:00:00Z
316203193,2016-07-30T00:00:00Z
321219877,2016-07-31T00:00:00Z
332736550,2016-08-01T00:00:00Z
323190992,2016-08-02T00:00:00Z
306434440,2016-08-03T00:00:00Z
296707310,2016-08-04T00:00:00Z
297568610,2016-08-05T00:00:00Z
310393754,2016-08-06T00:00:00Z
317852280,2016-08-07T00:00:00Z
341344116,2016-08-08T00:00:00Z
325592474,2016-08-09T00:00:00Z
326466019,2016-08-10T00:00:00Z
320306951,2016-08-11T00:00:00Z
311379554,2016-08-12T00:00:00Z
309450745,2016-08-13T00:00:00Z
317173360,2016-08-14T00:00:00Z
333059769,2016-08-15T00:00:00Z
311183087,2016-08-16T00:00:00Z
276748171,2016-08-17T00:00:00Z
279829410,2016-08-18T00:00:00Z
282441865,2016-08-19T00:00:00Z
285877197,2016-08-20T00:00:00Z
310732764,2016-08-21T00:00:00Z
310493445,2016-08-22T00:00:00Z
314282469,2016-08-23T00:00:00Z
298236009,2016-08-24T00:00:00Z
299722758,2016-08-25T00:00:00Z
293096971,2016-08-26T00:00:00Z
292162610,2016-08-27T00:00:00Z
296352369,2016-08-28T00:00:00Z
316610514,2016-08-29T00:00:00Z
312374286,2016-08-30T00:00:00Z
311862414,2016-08-31T00:00:00Z
307751547,2016-09-01T00:00:00Z
299113750,2016-09-02T00:00:00Z
301475108,2016-09-03T00:00:00Z
302680649,2016-09-04T00:00:00Z
314968361,2016-09-05T00:00:00Z
311511253,2016-09-06T00:00:00Z
298802160,2016-09-07T00:00:00Z
296375833,2016-09-08T00:00:00Z
281806742,2016-09-09T00:00:00Z
293693037,2016-09-10T00:00:00Z
295615576,2016-09-11T00:00:00Z
299950073,2016-09-12T00:00:00Z
304246379,2016-09-13T00:00:00Z
300333932,2016-09-14T00:00:00Z
306372919,2016-09-15T00:00:00Z
282583407,2016-09-16T00:00:00Z
283505495,2016-09-17T00:00:00Z
294678528,2016-09-18T00:00:00Z
313522703,2016-09-19T00:00:00Z
300276104,2016-09-20T00:00:00Z
293859673,2016-09-21T00:00:00Z
305020844,2016-09-22T00:00:00Z
286974592,2016-09-23T00:00:00Z
277538887,2016-09-24T00:00:00Z
289243454,2016-09-25T00:00:00Z
309692228,2016-09-26T00:00:00Z
292756096,2016-09-27T00:00:00Z
297762549,2016-09-28T00:00:00Z
290296266,2016-09-29T00:00:00Z
275852043,2016-09-30T00:00:00Z
281004766,2016-10-01T00:00:00Z
288024846,2016-10-02T00:00:00Z
302955699,2016-10-03T00:00:00Z
302143319,2016-10-04T00:00:00Z
316531125,2016-10-05T00:00:00Z
297594322,2016-10-06T00:00:00Z
275406527,2016-10-07T00:00:00Z
282093396,2016-10-08T00:00:00Z
295832458,2016-10-09T00:00:00Z
302132734,2016-10-10T00:00:00Z
293358107,2016-10-11T00:00:00Z
299905441,2016-10-12T00:00:00Z
303238757,2016-10-13T00:00:00Z
289536718,2016-10-14T00:00:00Z
301456482,2016-10-15T00:00:00Z
304355472,2016-10-16T00:00:00Z
316854588,2016-10-17T00:00:00Z
309848011,2016-10-18T00:00:00Z
306024911,2016-10-19T00:00:00Z
300659360,2016-10-20T00:00:00Z
288191509,2016-10-21T00:00:00Z
286814416,2016-10-22T00:00:00Z
294803409,2016-10-23T00:00:00Z
307835987,2016-10-24T00:00:00Z
301641351,2016-10-25T00:00:00Z
295192107,2016-10-26T00:00:00Z
290109926,2016-10-27T00:00:00Z
276229420,2016-10-28T00:00:00Z
276717914,2016-10-29T00:00:00Z
290086464,2016-10-30T00:00:00Z
304540996,2016-10-31T00:00:00Z
304162380,2016-11-01T00:00:00Z
309991971,2016-11-02T00:00:00Z
310193900,2016-11-03T00:00:00Z
296850241,2016-11-04T00:00:00Z
298440430,2016-11-05T00:00:00Z
309671371,2016-11-06T00:00:00Z
322003851,2016-11-07T00:00:00Z
314668764,2016-11-08T00:00:00Z
319181682,2016-11-09T00:00:00Z
317533426,2016-11-10T00:00:00Z
299722968,2016-11-11T00:00:00Z
304516589,2016-11-12T00:00:00Z
320449812,2016-11-13T00:00:00Z
334242978,2016-11-14T00:00:00Z
319264321,2016-11-15T00:00:00Z
320731243,2016-11-16T00:00:00Z
312248391,2016-11-17T00:00:00Z
300828556,2016-11-18T00:00:00Z
293894235,2016-11-19T00:00:00Z
304306683,2016-11-20T00:00:00Z
322021403,2016-11-21T00:00:00Z
311639838,2016-11-22T00:00:00Z
298470939,2016-11-23T00:00:00Z
285953425,2016-11-24T00:00:00Z
281117706,2016-11-25T00:00:00Z
305011924,2016-11-26T00:00:00Z
312239978,2016-11-27T00:00:00Z
323810175,2016-11-28T00:00:00Z
323928733,2016-11-29T00:00:00Z
315476864,2016-11-30T00:00:00Z
302905919,2016-12-01T00:00:00Z
293523554,2016-12-02T00:00:00Z
300150494,2016-12-03T00:00:00Z
312273986,2016-12-04T00:00:00Z
323181452,2016-12-05T00:00:00Z
319508879,2016-12-06T00:00:00Z
313134579,2016-12-07T00:00:00Z
312049477,2016-12-08T00:00:00Z
298311066,2016-12-09T00:00:00Z
295956547,2016-12-10T00:00:00Z
298175834,2016-12-11T00:00:00Z
314966986,2016-12-12T00:00:00Z
303699315,2016-12-13T00:00:00Z
299950925,2016-12-14T00:00:00Z
288211775,2016-12-15T00:00:00Z
278684724,2016-12-16T00:00:00Z
280859248,2016-12-17T00:00:00Z
299581115,2016-12-18T00:00:00Z
314171944,2016-12-19T00:00:00Z
303339834,2016-12-20T00:00:00Z
294952566,2016-12-21T00:00:00Z
287317902,2016-12-22T00:00:00Z
270495421,2016-12-23T00:00:00Z
285248184,2016-12-24T00:00:00Z
277675333,2016-12-25T00:00:00Z
304051660,2016-12-26T00:00:00Z
323975916,2016-12-27T00:00:00Z
316691645,2016-12-28T00:00:00Z
323811202,2016-12-29T00:00:00Z
300064418,2016-12-30T00:00:00Z
294172784,2016-12-31T00:00:00Z
313899249,2017-01-01T00:00:00Z
342445276,2017-01-02T00:00:00Z
328451210,2017-01-03T00:00:00Z
319421029,2017-01-04T00:00:00Z
323265393,2017-01-05T00:00:00Z
309547092,2017-01-06T00:00:00Z
322272812,2017-01-07T00:00:00Z
334474541,2017-01-08T00:00:00Z
339857378,2017-01-09T00:00:00Z
325241603,2017-01-10T00:00:00Z
310366256,2017-01-11T00:00:00Z
309238960,2017-01-12T00:00:00Z
307243907,2017-01-13T00:00:00Z
313300905,2017-01-14T00:00:00Z
327877576,2017-01-15T00:00:00Z
335703843,2017-01-16T00:00:00Z
327105534,2017-01-17T00:00:00Z
321178167,2017-01-18T00:00:00Z
323226979,2017-01-19T00:00:00Z
315381852,2017-01-20T00:00:00Z
317640540,2017-01-21T00:00:00Z
339147168,2017-01-22T00:00:00Z
344629853,2017-01-23T00:00:00Z
326699815,2017-01-24T00:00:00Z
321519059,2017-01-25T00:00:00Z
328212517,2017-01-26T00:00:00Z
306663877,2017-01-27T00:00:00Z
316349568,2017-01-28T00:00:00Z
327617300,2017-01-29T00:00:00Z
339322513,2017-01-30T00:00:00Z
323337590,2017-01-31T00:00:00Z
317257308,2017-02-01T00:00:00Z
309810476,2017-02-02T00:00:00Z
301955141,2017-02-03T00:00:00Z
307582510,2017-02-04T00:00:00Z
324352365,2017-02-05T00:00:00Z
337914936,2017-02-06T00:00:00Z
325777426,2017-02-07T00:00:00Z
318850130,2017-02-08T00:00:00Z
314239556,2017-02-09T00:00:00Z
299472386,2017-02-10T00:00:00Z
305871690,2017-02-11T00:00:00Z
329288102,2017-02-12T00:00:00Z
338119966,2017-02-13T00:00:00Z
312885661,2017-02-14T00:00:00Z
317431197,2017-02-15T00:00:00Z
317485683,2017-02-16T00:00:00Z
300530733,2017-02-17T00:00:00Z
309700283,2017-02-18T00:00:00Z
322269282,2017-02-19T00:00:00Z
340002287,2017-02-20T00:00:00Z
328659343,2017-02-21T00:00:00Z
323454127,2017-02-22T00:00:00Z
312012755,2017-02-23T00:00:00Z
298734494,2017-02-24T00:00:00Z
310715397,2017-02-25T00:00:00Z
333700818,2017-02-26T00:00:00Z
350090498,2017-02-27T00:00:00Z
329654813,2017-02-28T00:00:00Z
318117475,2017-03-01T00:00:00Z
317752335,2017-03-02T00:00:00Z
301010721,2017-03-03T00:00:00Z
299088424,2017-03-04T00:00:00Z
313917501,2017-03-05T00:00:00Z
323495458,2017-03-06T00:00:00Z
324484185,2017-03-07T00:00:00Z
317200119,2017-03-08T00:00:00Z
318242556,2017-03-09T00:00:00Z
305576347,2017-03-10T00:00:00Z
306951523,2017-03-11T00:00:00Z
327825052,2017-03-12T00:00:00Z
322859153,2017-03-13T00:00:00Z
322884789,2017-03-14T00:00:00Z
318522322,2017-03-15T00:00:00Z
309674301,2017-03-16T00:00:00Z
305794468,2017-03-17T00:00:00Z
317129681,2017-03-18T00:00:00Z
320244654,2017-03-19T00:00:00Z
327108148,2017-03-20T00:00:00Z
333723422,2017-03-21T00:00:00Z
323796635,2017-03-22T00:00:00Z
313664108,2017-03-23T00:00:00Z
295620823,2017-03-24T00:00:00Z
296582139,2017-03-25T00:00:00Z
305796026,2017-03-26T00:00:00Z
310906135,2017-03-27T00:00:00Z
313065349,2017-03-28T00:00:00Z
310277100,2017-03-29T00:00:00Z
302376819,2017-03-30T00:00:00Z
292306961,2017-03-31T00:00:00Z
290560261,2017-04-01T00:00:00Z
298239834,2017-04-02T00:00:00Z
316934975,2017-04-03T00:00:00Z
316271484,2017-04-04T00:00:00Z
311110855,2017-04-05T00:00:00Z
335352446,2017-04-06T00:00:00Z
333393028,2017-04-07T00:00:00Z
301349441,2017-04-08T00:00:00Z
337329757,2017-04-09T00:00:00Z
349059507,2017-04-10T00:00:00Z
344030216,2017-04-11T00:00:00Z
356816386,2017-04-12T00:00:00Z
340606561,2017-04-13T00:00:00Z
306119594,2017-04-14T00:00:00Z
322424380,2017-04-15T00:00:00Z
324700933,2017-04-16T00:00:00Z
348871949,2017-04-17T00:00:00Z
335282273,2017-04-18T00:00:00Z
335483730,2017-04-19T00:00:00Z
329529403,2017-04-20T00:00:00Z
305505004,2017-04-21T00:00:00Z
305705686,2017-04-22T00:00:00Z
322993075,2017-04-23T00:00:00Z
346709919,2017-04-24T00:00:00Z
308628707,2017-04-25T00:00:00Z
304019702,2017-04-26T00:00:00Z
305834794,2017-04-27T00:00:00Z
292261830,2017-04-28T00:00:00Z
294905261,2017-04-29T00:00:00Z
308992345,2017-04-30T00:00:00Z
326418182,2017-05-01T00:00:00Z
316030533,2017-05-02T00:00:00Z
312660110,2017-05-03T00:00:00Z
305095614,2017-05-04T00:00:00Z
295350148,2017-05-05T00:00:00Z
303201032,2017-05-06T00:00:00Z
308171115,2017-05-07T00:00:00Z
320906771,2017-05-08T00:00:00Z
311759982,2017-05-09T00:00:00Z
307592257,2017-05-10T00:00:00Z
311630618,2017-05-11T00:00:00Z
294697570,2017-05-12T00:00:00Z
293107184,2017-05-13T00:00:00Z
296392326,2017-05-14T00:00:00Z
319886480,2017-05-15T00:00:00Z
312294084,2017-05-16T00:00:00Z
313522516,2017-05-17T00:00:00Z
315059793,2017-05-18T00:00:00Z
301070280,2017-05-19T00:00:00Z
302476054,2017-05-20T00:00:00Z
303022912,2017-05-21T00:00:00Z
351586519,2017-05-22T00:00:00Z
323414361,2017-05-23T00:00:00Z
304605372,2017-05-24T00:00:00Z
298104452,2017-05-25T00:00:00Z
281195186,2017-05-26T00:00:00Z
279221044,2017-05-27T00:00:00Z
289438446,2017-05-28T00:00:00Z
310742133,2017-05-29T00:00:00Z
303389480,2017-05-30T00:00:00Z
329721260,2017-05-31T00:00:00Z
298893201,2017-06-01T00:00:00Z
275492081,2017-06-02T00:00:00Z
284763540,2017-06-03T00:00:00Z
294051458,2017-06-04T00:00:00Z
309820046,2017-06-05T00:00:00Z
301370607,2017-06-06T00:00:00Z
295415465,2017-06-07T00:00:00Z
302730717,2017-06-08T00:00:00Z
295704660,2017-06-09T00:00:00Z
296401686,2017-06-10T00:00:00Z
301086676,2017-06-11T00:00:00Z
302913804,2017-06-12T00:00:00Z
287810895,2017-06-13T00:00:00Z
265501863,2017-06-14T00:00:00Z
260184541,2017-06-15T00:00:00Z
256303845,2017-06-16T00:00:00Z
253149027,2017-06-17T00:00:00Z
263504749,2017-06-18T00:00:00Z
278887486,2017-06-19T00:00:00Z
274732906,2017-06-20T00:00:00Z
278604928,2017-06-21T00:00:00Z
263562533,2017-06-22T00:00:00Z
256390561,2017-06-23T00:00:00Z
248335446,2017-06-24T00:00:00Z
259702801,2017-06-25T00:00:00Z
269782381,2017-06-26T00:00:00Z
267178847,2017-06-27T00:00:00Z
271371208,2017-06-28T00:00:00Z
269955135,2017-06-29T00:00:00Z
255152893,2017-06-30T00:00:00Z
251113551,2017-07-01T00:00:00Z
262759066,2017-07-02T00:00:00Z
276752749,2017-07-03T00:00:00Z
276125733,2017-07-04T00:00:00Z
274928027,2017-07-05T00:00:00Z
272902694,2017-07-06T00:00:00Z
263677095,2017-07-07T00:00:00Z
259629246,2017-07-08T00:00:00Z
269660149,2017-07-09T00:00:00Z
286394398,2017-07-10T00:00:00Z
280352973,2017-07-11T00:00:00Z
277498898,2017-07-12T00:00:00Z
275330196,2017-07-13T00:00:00Z
263506947,2017-07-14T00:00:00Z
259565043,2017-07-15T00:00:00Z
273444832,2017-07-16T00:00:00Z
282921555,2017-07-17T00:00:00Z
274251071,2017-07-18T00:00:00Z
268257620,2017-07-19T00:00:00Z
268135952,2017-07-20T00:00:00Z
263364412,2017-07-21T00:00:00Z
257689887,2017-07-22T00:00:00Z
275721851,2017-07-23T00:00:00Z
283730949,2017-07-24T00:00:00Z
279221877,2017-07-25T00:00:00Z
283094670,2017-07-26T00:00:00Z
268777584,2017-07-27T00:00:00Z
261121331,2017-07-28T00:00:00Z
253334814,2017-07-29T00:00:00Z
268179748,2017-07-30T00:00:00Z
276207251,2017-07-31T00:00:00Z
271014717,2017-08-01T00:00:00Z
271124566,2017-08-02T00:00:00Z
265175395,2017-08-03T00:00:00Z
254277386,2017-08-04T00:00:00Z
248469563,2017-08-05T00:00:00Z
266685100,2017-08-06T00:00:00Z
277401388,2017-08-07T00:00:00Z
275279647,2017-08-08T00:00:00Z
272586388,2017-08-09T00:00:00Z
267093959,2017-08-10T00:00:00Z
259785253,2017-08-11T00:00:00Z
255146117,2017-08-12T00:00:00Z
277088196,2017-08-13T00:00:00Z
284181085,2017-08-14T00:00:00Z
275748423,2017-08-15T00:00:00Z
271870670,2017-08-16T00:00:00Z
265175804,2017-08-17T00:00:00Z
258461102,2017-08-18T00:00:00Z
248534933,2017-08-19T00:00:00Z
268556355,2017-08-20T00:00:00Z
276354483,2017-08-21T00:00:00Z
269698252,2017-08-22T00:00:00Z
267175371,2017-08-23T00:00:00Z
263823981,2017-08-24T00:00:00Z
258193407,2017-08-25T00:00:00Z
249883478,2017-08-26T00:00:00Z
265974900,2017-08-27T00:00:00Z
278552787,2017-08-28T00:00:00Z
279329759,2017-08-29T00:00:00Z
278474070,2017-08-30T00:00:00Z
275537711,2017-08-31T00:00:00Z
272535580,2017-09-01T00:00:00Z
267377115,2017-09-02T00:00:00Z
304274194,2017-09-03T00:00:00Z
311914361,2017-09-04T00:00:00Z
301886636,2017-09-05T00:00:00Z
294794049,2017-09-06T00:00:00Z
321432958,2017-09-07T00:00:00Z
268786601,2017-09-08T00:00:00Z
254016506,2017-09-09T00:00:00Z
273127890,2017-09-10T00:00:00Z
279971520,2017-09-11T00:00:00Z
276833327,2017-09-12T00:00:00Z
272077768,2017-09-13T00:00:00Z
274727175,2017-09-14T00:00:00Z
269033086,2017-09-15T00:00:00Z
257156505,2017-09-16T00:00:00Z
274795196,2017-09-17T00:00:00Z
293044703,2017-09-18T00:00:00Z
283979011,2017-09-19T00:00:00Z
276374458,2017-09-20T00:00:00Z
275517298,2017-09-21T00:00:00Z
262087403,2017-09-22T00:00:00Z
251834644,2017-09-23T00:00:00Z
267269173,2017-09-24T00:00:00Z
281375756,2017-09-25T00:00:00Z
278308925,2017-09-26T00:00:00Z
281623406,2017-09-27T00:00:00Z
283794577,2017-09-28T00:00:00Z
265088833,2017-09-29T00:00:00Z
255469601,2017-09-30T00:00:00Z
277446607,2017-10-01T00:00:00Z
296611869,2017-10-02T00:00:00Z
297192785,2017-10-03T00:00:00Z
286898607,2017-10-04T00:00:00Z
281575277,2017-10-05T00:00:00Z
263304610,2017-10-06T00:00:00Z
258675656,2017-10-07T00:00:00Z
277189402,2017-10-08T00:00:00Z
295484472,2017-10-09T00:00:00Z
290727561,2017-10-10T00:00:00Z
284981252,2017-10-11T00:00:00Z
277200931,2017-10-12T00:00:00Z
275106009,2017-10-13T00:00:00Z
282176416,2017-10-14T00:00:00Z
307467332,2017-10-15T00:00:00Z
321326990,2017-10-16T00:00:00Z
313099256,2017-10-17T00:00:00Z
299337864,2017-10-18T00:00:00Z
296299898,2017-10-19T00:00:00Z
300642295,2017-10-20T00:00:00Z
287816629,2017-10-21T00:00:00Z
308529531,2017-10-22T00:00:00Z
321685775,2017-10-23T00:00:00Z
329737695,2017-10-24T00:00:00Z
317105794,2017-10-25T00:00:00Z
306095478,2017-10-26T00:00:00Z
292647205,2017-10-27T00:00:00Z
280981203,2017-10-28T00:00:00Z
298809018,2017-10-29T00:00:00Z
310058854,2017-10-30T00:00:00Z
299885209,2017-10-31T00:00:00Z
302679170,2017-11-01T00:00:00Z
317271538,2017-11-02T00:00:00Z
293349721,2017-11-03T00:00:00Z
286736767,2017-11-04T00:00:00Z
308346539,2017-11-05T00:00:00Z
316772993,2017-11-06T00:00:00Z
315036162,2017-11-07T00:00:00Z
316660831,2017-11-08T00:00:00Z
314554353,2017-11-09T00:00:00Z
290989184,2017-11-10T00:00:00Z
286684524,2017-11-11T00:00:00Z
303166707,2017-11-12T00:00:00Z
318547540,2017-11-13T00:00:00Z
311702382,2017-11-14T00:00:00Z
307702139,2017-11-15T00:00:00Z
307196334,2017-11-16T00:00:00Z
288657696,2017-11-17T00:00:00Z
286133640,2017-11-18T00:00:00Z
303793246,2017-11-19T00:00:00Z
322258319,2017-11-20T00:00:00Z
308175733,2017-11-21T00:00:00Z
304169591,2017-11-22T00:00:00Z
288811513,2017-11-23T00:00:00Z
280125634,2017-11-24T00:00:00Z
287261736,2017-11-25T00:00:00Z
309835620,2017-11-26T00:00:00Z
327873477,2017-11-27T00:00:00Z
317281495,2017-11-28T00:00:00Z
311010091,2017-11-29T00:00:00Z
305618800,2017-11-30T00:00:00Z
299009843,2017-12-01T00:00:00Z
284413689,2017-12-02T00:00:00Z
300552426,2017-12-03T00:00:00Z
322835430,2017-12-04T00:00:00Z
326917154,2017-12-05T00:00:00Z
313805461,2017-12-06T00:00:00Z
319139701,2017-12-07T00:00:00Z
303621912,2017-12-08T00:00:00Z
292812460,2017-12-09T00:00:00Z
308208572,2017-12-10T00:00:00Z
321674009,2017-12-11T00:00:00Z
310462489,2017-12-12T00:00:00Z
306745755,2017-12-13T00:00:00Z
300187370,2017-12-14T00:00:00Z
286830282,2017-12-15T00:00:00Z
280843025,2017-12-16T00:00:00Z
294029292,2017-12-17T00:00:00Z
308877711,2017-12-18T00:00:00Z
290817648,2017-12-19T00:00:00Z
284663540,2017-12-20T00:00:00Z
283311446,2017-12-21T00:00:00Z
270616379,2017-12-22T00:00:00Z
270773920,2017-12-23T00:00:00Z
271574693,2017-12-24T00:00:00Z
274651388,2017-12-25T00:00:00Z
293377305,2017-12-26T00:00:00Z
304353445,2017-12-27T00:00:00Z
312083670,2017-12-28T00:00:00Z
300196639,2017-12-29T00:00:00Z
294250079,2017-12-30T00:00:00Z
287937910,2017-12-31T00:00:00Z
302828330,2018-01-01T00:00:00Z
319485738,2018-01-02T00:00:00Z
322019675,2018-01-03T00:00:00Z
314645741,2018-01-04T00:00:00Z
310155899,2018-01-05T00:00:00Z
316702185,2018-01-06T00:00:00Z
324186750,2018-01-07T00:00:00Z
335431026,2018-01-08T00:00:00Z
321991203,2018-01-09T00:00:00Z
318603157,2018-01-10T00:00:00Z
327306183,2018-01-11T00:00:00Z
308518899,2018-01-12T00:00:00Z
314518803,2018-01-13T00:00:00Z
341467997,2018-01-14T00:00:00Z
346801956,2018-01-15T00:00:00Z
332404256,2018-01-16T00:00:00Z
329626172,2018-01-17T00:00:00Z
346227443,2018-01-18T00:00:00Z
316299327,2018-01-19T00:00:00Z
303292818,2018-01-20T00:00:00Z
326682372,2018-01-21T00:00:00Z
341515484,2018-01-22T00:00:00Z
329910617,2018-01-23T00:00:00Z
321322164,2018-01-24T00:00:00Z
316707019,2018-01-25T00:00:00Z
310964880,2018-01-26T00:00:00Z
308760934,2018-01-27T00:00:00Z
325955174,2018-01-28T00:00:00Z
337205984,2018-01-29T00:00:00Z
323091074,2018-01-30T00:00:00Z
320642885,2018-01-31T00:00:00Z
312643557,2018-02-01T00:00:00Z
303181377,2018-02-02T00:00:00Z
303051044,2018-02-03T00:00:00Z
326780028,2018-02-04T00:00:00Z
337460883,2018-02-05T00:00:00Z
320093643,2018-02-06T00:00:00Z
316192208,2018-02-07T00:00:00Z
318587141,2018-02-08T00:00:00Z
311243801,2018-02-09T00:00:00Z
303165868,2018-02-10T00:00:00Z
318919775,2018-02-11T00:00:00Z
330482574,2018-02-12T00:00:00Z
318445405,2018-02-13T00:00:00Z
309269954,2018-02-14T00:00:00Z
307384594,2018-02-15T00:00:00Z
308753553,2018-02-16T00:00:00Z
315352215,2018-02-17T00:00:00Z
336919919,2018-02-18T00:00:00Z
340432452,2018-02-19T00:00:00Z
325887866,2018-02-20T00:00:00Z
331532037,2018-02-21T00:00:00Z
335397735,2018-02-22T00:00:00Z
322847083,2018-02-23T00:00:00Z
312668576,2018-02-24T00:00:00Z
340574594,2018-02-25T00:00:00Z
354301601,2018-02-26T00:00:00Z
340134463,2018-02-27T00:00:00Z
319945935,2018-02-28T00:00:00Z
318175725,2018-03-01T00:00:00Z
307814339,2018-03-02T00:00:00Z
301870813,2018-03-03T00:00:00Z
335452295,2018-03-04T00:00:00Z
341831429,2018-03-05T00:00:00Z
315087510,2018-03-06T00:00:00Z
313130565,2018-03-07T00:00:00Z
310028113,2018-03-08T00:00:00Z
289859166,2018-03-09T00:00:00Z
278290649,2018-03-10T00:00:00Z
302140207,2018-03-11T00:00:00Z
314449106,2018-03-12T00:00:00Z
300380973,2018-03-13T00:00:00Z
311480543,2018-03-14T00:00:00Z
301904526,2018-03-15T00:00:00Z
286430007,2018-03-16T00:00:00Z
278987674,2018-03-17T00:00:00Z
298993282,2018-03-18T00:00:00Z
308390176,2018-03-19T00:00:00Z
294762447,2018-03-20T00:00:00Z
295705015,2018-03-21T00:00:00Z
294156473,2018-03-22T00:00:00Z
283407906,2018-03-23T00:00:00Z
277636125,2018-03-24T00:00:00Z
290927648,2018-03-25T00:00:00Z
305717400,2018-03-26T00:00:00Z
296904147,2018-03-27T00:00:00Z
288847105,2018-03-28T00:00:00Z
283686209,2018-03-29T00:00:00Z
282535832,2018-03-30T00:00:00Z
274449811,2018-03-31T00:00:00Z
290235106,2018-04-01T00:00:00Z
311226037,2018-04-02T00:00:00Z
303916252,2018-04-03T00:00:00Z
298591311,2018-04-04T00:00:00Z
287630310,2018-04-05T00:00:00Z
284977750,2018-04-06T00:00:00Z
283240634,2018-04-07T00:00:00Z
304942114,2018-04-08T00:00:00Z
318569836,2018-04-09T00:00:00Z
307443314,2018-04-10T00:00:00Z
308225636,2018-04-11T00:00:00Z
316179856,2018-04-12T00:00:00Z
301407702,2018-04-13T00:00:00Z
284050367,2018-04-14T00:00:00Z
318006849,2018-04-15T00:00:00Z
325941030,2018-04-16T00:00:00Z
302461259,2018-04-17T00:00:00Z
300851394,2018-04-18T00:00:00Z
293498562,2018-04-19T00:00:00Z
283266082,2018-04-20T00:00:00Z
270620673,2018-04-21T00:00:00Z
287747733,2018-04-22T00:00:00Z
302523229,2018-04-23T00:00:00Z
300709165,2018-04-24T00:00:00Z
309437990,2018-04-25T00:00:00Z
297731622,2018-04-26T00:00:00Z
290627627,2018-04-27T00:00:00Z
274636558,2018-04-28T00:00:00Z
298364306,2018-04-29T00:00:00Z
317359841,2018-04-30T00:00:00Z
302332775,2018-05-01T00:00:00Z
295478029,2018-05-02T00:00:00Z
296932606,2018-05-03T00:00:00Z
290364467,2018-05-04T00:00:00Z
280413461,2018-05-05T00:00:00Z
288491590,2018-05-06T00:00:00Z
305415124,2018-05-07T00:00:00Z
301793366,2018-05-08T00:00:00Z
295473432,2018-05-09T00:00:00Z
299000581,2018-05-10T00:00:00Z
281971857,2018-05-11T00:00:00Z
277831417,2018-05-12T00:00:00Z
290456275,2018-05-13T00:00:00Z
304702511,2018-05-14T00:00:00Z
306687543,2018-05-15T00:00:00Z
308209927,2018-05-16T00:00:00Z
297449473,2018-05-17T00:00:00Z
288317718,2018-05-18T00:00:00Z
301142295,2018-05-19T00:00:00Z
312401975,2018-05-20T00:00:00Z
318995937,2018-05-21T00:00:00Z
307079480,2018-05-22T00:00:00Z
297872016,2018-05-23T00:00:00Z
287034865,2018-05-24T00:00:00Z
278299135,2018-05-25T00:00:00Z
269032410,2018-05-26T00:00:00Z
281949241,2018-05-27T00:00:00Z
297158649,2018-05-28T00:00:00Z
302888534,2018-05-29T00:00:00Z
286750058,2018-05-30T00:00:00Z
284187593,2018-05-31T00:00:00Z
277480389,2018-06-01T00:00:00Z
269152267,2018-06-02T00:00:00Z
281935112,2018-06-03T00:00:00Z
291106579,2018-06-04T00:00:00Z
285321854,2018-06-05T00:00:00Z
281443215,2018-06-06T00:00:00Z
286902527,2018-06-07T00:00:00Z
283896205,2018-06-08T00:00:00Z
273519800,2018-06-09T00:00:00Z
286919419,2018-06-10T00:00:00Z
293852873,2018-06-11T00:00:00Z
282094871,2018-06-12T00:00:00Z
282212165,2018-06-13T00:00:00Z
277677281,2018-06-14T00:00:00Z
266401770,2018-06-15T00:00:00Z
255779378,2018-06-16T00:00:00Z
285796606,2018-06-17T00:00:00Z
309339458,2018-06-18T00:00:00Z
304995086,2018-06-19T00:00:00Z
296218099,2018-06-20T00:00:00Z
289005332,2018-06-21T00:00:00Z
285338230,2018-06-22T00:00:00Z
281370491,2018-06-23T00:00:00Z
293588861,2018-06-24T00:00:00Z
300426336,2018-06-25T00:00:00Z
290102370,2018-06-26T00:00:00Z
288898505,2018-06-27T00:00:00Z
284813519,2018-06-28T00:00:00Z
275136103,2018-06-29T00:00:00Z
278684286,2018-06-30T00:00:00Z
288922269,2018-07-01T00:00:00Z
294995964,2018-07-02T00:00:00Z
295163624,2018-07-03T00:00:00Z
292873103,2018-07-04T00:00:00Z
289874444,2018-07-05T00:00:00Z
282078704,2018-07-06T00:00:00Z
284788300,2018-07-07T00:00:00Z
293580187,2018-07-08T00:00:00Z
291731396,2018-07-09T00:00:00Z
296051811,2018-07-10T00:00:00Z
287541963,2018-07-11T00:00:00Z
283332697,2018-07-12T00:00:00Z
279823107,2018-07-13T00:00:00Z
279395138,2018-07-14T00:00:00Z
306129597,2018-07-15T00:00:00Z
302456135,2018-07-16T00:00:00Z
289984376,2018-07-17T00:00:00Z
284755133,2018-07-18T00:00:00Z
281299747,2018-07-19T00:00:00Z
268311706,2018-07-20T00:00:00Z
263558899,2018-07-21T00:00:00Z
280972889,2018-07-22T00:00:00Z
286982166,2018-07-23T00:00:00Z
280130057,2018-07-24T00:00:00Z
281148385,2018-07-25T00:00:00Z
277075683,2018-07-26T00:00:00Z
271634161,2018-07-27T00:00:00Z
264567774,2018-07-28T00:00:00Z
285756063,2018-07-29T00:00:00Z
303317837,2018-07-30T00:00:00Z
288952484,2018-07-31T00:00:00Z
290354486,2018-08-01T00:00:00Z
284750411,2018-08-02T00:00:00Z
274760313,2018-08-03T00:00:00Z
270332124,2018-08-04T00:00:00Z
284107533,2018-08-05T00:00:00Z
294367026,2018-08-06T00:00:00Z
286814035,2018-08-07T00:00:00Z
279542903,2018-08-08T00:00:00Z
277991413,2018-08-09T00:00:00Z
269554027,2018-08-10T00:00:00Z
262649310,2018-08-11T00:00:00Z
281554094,2018-08-12T00:00:00Z
286069930,2018-08-13T00:00:00Z
283344778,2018-08-14T00:00:00Z
282825544,2018-08-15T00:00:00Z
279270864,2018-08-16T00:00:00Z
274477509,2018-08-17T00:00:00Z
267209646,2018-08-18T00:00:00Z
284047472,2018-08-19T00:00:00Z
291827118,2018-08-20T00:00:00Z
281167698,2018-08-21T00:00:00Z
286064599,2018-08-22T00:00:00Z
274162518,2018-08-23T00:00:00Z
270253617,2018-08-24T00:00:00Z
270633073,2018-08-25T00:00:00Z
285865947,2018-08-26T00:00:00Z
295877748,2018-08-27T00:00:00Z
285819305,2018-08-28T00:00:00Z
290690660,2018-08-29T00:00:00Z
287291261,2018-08-30T00:00:00Z
278926573,2018-08-31T00:00:00Z
272065470,2018-09-01T00:00:00Z
282660914,2018-09-02T00:00:00Z
304277941,2018-09-03T00:00:00Z
304941690,2018-09-04T00:00:00Z
290440730,2018-09-05T00:00:00Z
291801845,2018-09-06T00:00:00Z
282974226,2018-09-07T00:00:00Z
276031888,2018-09-08T00:00:00Z
288702628,2018-09-09T00:00:00Z
297806996,2018-09-10T00:00:00Z
291024633,2018-09-11T00:00:00Z
281205973,2018-09-12T00:00:00Z
277716539,2018-09-13T00:00:00Z
271886389,2018-09-14T00:00:00Z
268872042,2018-09-15T00:00:00Z
285290091,2018-09-16T00:00:00Z
296707124,2018-09-17T00:00:00Z
293961973,2018-09-18T00:00:00Z
281313491,2018-09-19T00:00:00Z
281778126,2018-09-20T00:00:00Z
271938267,2018-09-21T00:00:00Z
267361066,2018-09-22T00:00:00Z
283354623,2018-09-23T00:00:00Z
290241730,2018-09-24T00:00:00Z
283004414,2018-09-25T00:00:00Z
283165597,2018-09-26T00:00:00Z
276919559,2018-09-27T00:00:00Z
265628552,2018-09-28T00:00:00Z
258355412,2018-09-29T00:00:00Z
282147397,2018-09-30T00:00:00Z
289269499,2018-10-01T00:00:00Z
290469087,2018-10-02T00:00:00Z
284459016,2018-10-03T00:00:00Z
280129094,2018-10-04T00:00:00Z
277692407,2018-10-05T00:00:00Z
272021248,2018-10-06T00:00:00Z
288026231,2018-10-07T00:00:00Z
299940591,2018-10-08T00:00:00Z
293859902,2018-10-09T00:00:00Z
286860083,2018-10-10T00:00:00Z
285800144,2018-10-11T00:00:00Z
280380852,2018-10-12T00:00:00Z
268539580,2018-10-13T00:00:00Z
284685831,2018-10-14T00:00:00Z
295712252,2018-10-15T00:00:00Z
289695633,2018-10-16T00:00:00Z
291316826,2018-10-17T00:00:00Z
283819972,2018-10-18T00:00:00Z
273396522,2018-10-19T00:00:00Z
269505366,2018-10-20T00:00:00Z
287371208,2018-10-21T00:00:00Z
296095252,2018-10-22T00:00:00Z
295228128,2018-10-23T00:00:00Z
299337487,2018-10-24T00:00:00Z
301341205,2018-10-25T00:00:00Z
288995979,2018-10-26T00:00:00Z
278572902,2018-10-27T00:00:00Z
295852468,2018-10-28T00:00:00Z
312246326,2018-10-29T00:00:00Z
301493042,2018-10-30T00:00:00Z
294793967,2018-10-31T00:00:00Z
291545744,2018-11-01T00:00:00Z
288934783,2018-11-02T00:00:00Z
279208162,2018-11-03T00:00:00Z
296895590,2018-11-04T00:00:00Z
300642235,2018-11-05T00:00:00Z
291248365,2018-11-06T00:00:00Z
287559232,2018-11-07T00:00:00Z
283534413,2018-11-08T00:00:00Z
278112436,2018-11-09T00:00:00Z
280762568,2018-11-10T00:00:00Z
298719614,2018-11-11T00:00:00Z
311840608,2018-11-12T00:00:00Z
304888146,2018-11-13T00:00:00Z
293655735,2018-11-14T00:00:00Z
288508339,2018-11-15T00:00:00Z
277448557,2018-11-16T00:00:00Z
270398024,2018-11-17T00:00:00Z
290970297,2018-11-18T00:00:00Z
297448433,2018-11-19T00:00:00Z
287897209,2018-11-20T00:00:00Z
283101863,2018-11-21T00:00:00Z
275772158,2018-11-22T00:00:00Z
267794535,2018-11-23T00:00:00Z
274941316,2018-11-24T00:00:00Z
287153095,2018-11-25T00:00:00Z
297001431,2018-11-26T00:00:00Z
291723162,2018-11-27T00:00:00Z
291382759,2018-11-28T00:00:00Z
288190014,2018-11-29T00:00:00Z
269966843,2018-11-30T00:00:00Z
269088426,2018-12-01T00:00:00Z
287298366,2018-12-02T00:00:00Z
304641822,2018-12-03T00:00:00Z
296026024,2018-12-04T00:00:00Z
300848478,2018-12-05T00:00:00Z
295238944,2018-12-06T00:00:00Z
293663071,2018-12-07T00:00:00Z
302551090,2018-12-08T00:00:00Z
326683576,2018-12-09T00:00:00Z
327035252,2018-12-10T00:00:00Z
315379081,2018-12-11T00:00:00Z
306180622,2018-12-12T00:00:00Z
305264218,2018-12-13T00:00:00Z
295552567,2018-12-14T00:00:00Z
282382981,2018-12-15T00:00:00Z
300201682,2018-12-16T00:00:00Z
316359069,2018-12-17T00:00:00Z
304531426,2018-12-18T00:00:00Z
297787847,2018-12-19T00:00:00Z
290375221,2018-12-20T00:00:00Z
279031864,2018-12-21T00:00:00Z
278425628,2018-12-22T00:00:00Z
286573018,2018-12-23T00:00:00Z
291005363,2018-12-24T00:00:00Z
294782918,2018-12-25T00:00:00Z
300965583,2018-12-26T00:00:00Z
305502149,2018-12-27T00:00:00Z
301813241,2018-12-28T00:00:00Z
304253038,2018-12-29T00:00:00Z
314870934,2018-12-30T00:00:00Z
302878752,2018-12-31T00:00:00Z
312601914,2019-01-01T00:00:00Z
326949126,2019-01-02T00:00:00Z
321689932,2019-01-03T00:00:00Z
315004706,2019-01-04T00:00:00Z
317146245,2019-01-05T00:00:00Z
333180513,2019-01-06T00:00:00Z
342244202,2019-01-07T00:00:00Z
325989103,2019-01-08T00:00:00Z
315919084,2019-01-09T00:00:00Z
312925738,2019-01-10T00:00:00Z
308030855,2019-01-11T00:00:00Z
311056530,2019-01-12T00:00:00Z
323122651,2019-01-13T00:00:00Z
331391099,2019-01-14T00:00:00Z
325564204,2019-01-15T00:00:00Z
318047667,2019-01-16T00:00:00Z
313508051,2019-01-17T00:00:00Z
317510491,2019-01-18T00:00:00Z
312722503,2019-01-19T00:00:00Z
334792619,2019-01-20T00:00:00Z
334636932,2019-01-21T00:00:00Z
326482854,2019-01-22T00:00:00Z
317800016,2019-01-23T00:00:00Z
313064861,2019-01-24T00:00:00Z
299614641,2019-01-25T00:00:00Z
296418351,2019-01-26T00:00:00Z
311411312,2019-01-27T00:00:00Z
312245328,2019-01-28T00:00:00Z
303576210,2019-01-29T00:00:00Z
301980279,2019-01-30T00:00:00Z
298057463,2019-01-31T00:00:00Z
294783075,2019-02-01T00:00:00Z
285853494,2019-02-02T00:00:00Z
310057169,2019-02-03T00:00:00Z
322615450,2019-02-04T00:00:00Z
300060739,2019-02-05T00:00:00Z
294300632,2019-02-06T00:00:00Z
288631271,2019-02-07T00:00:00Z
292322070,2019-02-08T00:00:00Z
284884431,2019-02-09T00:00:00Z
312192081,2019-02-10T00:00:00Z
330141112,2019-02-11T00:00:00Z
305915685,2019-02-12T00:00:00Z
297965818,2019-02-13T00:00:00Z
290988300,2019-02-14T00:00:00Z
287655062,2019-02-15T00:00:00Z
287306444,2019-02-16T00:00:00Z
302829694,2019-02-17T00:00:00Z
311558582,2019-02-18T00:00:00Z
305730692,2019-02-19T00:00:00Z
299141565,2019-02-20T00:00:00Z
295474037,2019-02-21T00:00:00Z
290411544,2019-02-22T00:00:00Z
286692736,2019-02-23T00:00:00Z
300871332,2019-02-24T00:00:00Z
333673377,2019-02-25T00:00:00Z
307512767,2019-02-26T00:00:00Z
299159532,2019-02-27T00:00:00Z
291399260,2019-02-28T00:00:00Z
281825337,2019-03-01T00:00:00Z
281585931,2019-03-02T00:00:00Z
302395290,2019-03-03T00:00:00Z
313267372,2019-03-04T00:00:00Z
296821448,2019-03-05T00:00:00Z
291010985,2019-03-06T00:00:00Z
287737182,2019-03-07T00:00:00Z
277788475,2019-03-08T00:00:00Z
283562895,2019-03-09T00:00:00Z
305264624,2019-03-10T00:00:00Z
308391562,2019-03-11T00:00:00Z
296922945,2019-03-12T00:00:00Z
289114675,2019-03-13T00:00:00Z
292489500,2019-03-14T00:00:00Z
279020392,2019-03-15T00:00:00Z
279908459,2019-03-16T00:00:00Z
303826168,2019-03-17T00:00:00Z
310729591,2019-03-18T00:00:00Z
293862326,2019-03-19T00:00:00Z
290586417,2019-03-20T00:00:00Z
291530778,2019-03-21T00:00:00Z
286456158,2019-03-22T00:00:00Z
285923076,2019-03-23T00:00:00Z
302945936,2019-03-24T00:00:00Z
303473804,2019-03-25T00:00:00Z
290341417,2019-03-26T00:00:00Z
293395068,2019-03-27T00:00:00Z
294222265,2019-03-28T00:00:00Z
278193916,2019-03-29T00:00:00Z
280096985,2019-03-30T00:00:00Z
296148294,2019-03-31T00:00:00Z
304511763,2019-04-01T00:00:00Z
290394867,2019-04-02T00:00:00Z
293963060,2019-04-03T00:00:00Z
297691320,2019-04-04T00:00:00Z
288238040,2019-04-05T00:00:00Z
279028391,2019-04-06T00:00:00Z
296741026,2019-04-07T00:00:00Z
315311592,2019-04-08T00:00:00Z
313514699,2019-04-09T00:00:00Z
304948408,2019-04-10T00:00:00Z
306233152,2019-04-11T00:00:00Z
301650000,2019-04-12T00:00:00Z
293470259,2019-04-13T00:00:00Z
318655210,2019-04-14T00:00:00Z
322725319,2019-04-15T00:00:00Z
313679547,2019-04-16T00:00:00Z
299425985,2019-04-17T00:00:00Z
287866552,2019-04-18T00:00:00Z
284392194,2019-04-19T00:00:00Z
277715218,2019-04-20T00:00:00Z
294623113,2019-04-21T00:00:00Z
307909493,2019-04-22T00:00:00Z
301280502,2019-04-23T00:00:00Z
299588980,2019-04-24T00:00:00Z
298970715,2019-04-25T00:00:00Z
293532962,2019-04-26T00:00:00Z
287907307,2019-04-27T00:00:00Z
300856191,2019-04-28T00:00:00Z
294763594,2019-04-29T00:00:00Z
289238397,2019-04-30T00:00:00Z
291029845,2019-05-01T00:00:00Z
288006244,2019-05-02T00:00:00Z
279216829,2019-05-03T00:00:00Z
273965951,2019-05-04T00:00:00Z
289856849,2019-05-05T00:00:00Z
297018844,2019-05-06T00:00:00Z
285208172,2019-05-07T00:00:00Z
295103126,2019-05-08T00:00:00Z
283456178,2019-05-09T00:00:00Z
278651924,2019-05-10T00:00:00Z
281156132,2019-05-11T00:00:00Z
293989961,2019-05-12T00:00:00Z
297011582,2019-05-13T00:00:00Z
290965537,2019-05-14T00:00:00Z
280154867,2019-05-15T00:00:00Z
280223192,2019-05-16T00:00:00Z
276378539,2019-05-17T00:00:00Z
272859659,2019-05-18T00:00:00Z
285642820,2019-05-19T00:00:00Z
291501601,2019-05-20T00:00:00Z
287030691,2019-05-21T00:00:00Z
286066414,2019-05-22T00:00:00Z
295444190,2019-05-23T00:00:00Z
278447460,2019-05-24T00:00:00Z
269231241,2019-05-25T00:00:00Z
288214072,2019-05-26T00:00:00Z
296777669,2019-05-27T00:00:00Z
299298508,2019-05-28T00:00:00Z
291825175,2019-05-29T00:00:00Z
286939625,2019-05-30T00:00:00Z
279827001,2019-05-31T00:00:00Z
268802915,2019-06-01T00:00:00Z
283588870,2019-06-02T00:00:00Z
285136573,2019-06-03T00:00:00Z
280805702,2019-06-04T00:00:00Z
277119706,2019-06-05T00:00:00Z
276540657,2019-06-06T00:00:00Z
281148162,2019-06-07T00:00:00Z
278195207,2019-06-08T00:00:00Z
290128907,2019-06-09T00:00:00Z
300350780,2019-06-10T00:00:00Z
292585502,2019-06-11T00:00:00Z
293180071,2019-06-12T00:00:00Z
290957222,2019-06-13T00:00:00Z
284747956,2019-06-14T00:00:00Z
277904384,2019-06-15T00:00:00Z
292518778,2019-06-16T00:00:00Z
296458295,2019-06-17T00:00:00Z
287553122,2019-06-18T00:00:00Z
278398832,2019-06-19T00:00:00Z
281028561,2019-06-20T00:00:00Z
276166640,2019-06-21T00:00:00Z
274478514,2019-06-22T00:00:00Z
286247001,2019-06-23T00:00:00Z
294929499,2019-06-24T00:00:00Z
286802023,2019-06-25T00:00:00Z
280863534,2019-06-26T00:00:00Z
267893200,2019-06-27T00:00:00Z
269447649,2019-06-28T00:00:00Z
259617123,2019-06-29T00:00:00Z
280716105,2019-06-30T00:00:00Z
289991471,2019-07-01T00:00:00Z
288148886,2019-07-02T00:00:00Z
288506864,2019-07-03T00:00:00Z
284596552,2019-07-04T00:00:00Z
275979764,2019-07-05T00:00:00Z
281046920,2019-07-06T00:00:00Z
308881380,2019-07-07T00:00:00Z
308201269,2019-07-08T00:00:00Z
305383389,2019-07-09T00:00:00Z
299827244,2019-07-10T00:00:00Z
294019473,2019-07-11T00:00:00Z
287811265,2019-07-12T00:00:00Z
284865348,2019-07-13T00:00:00Z
300406076,2019-07-14T00:00:00Z
294902705,2019-07-15T00:00:00Z
288788619,2019-07-16T00:00:00Z
287658913,2019-07-17T00:00:00Z
288444794,2019-07-18T00:00:00Z
286326182,2019-07-19T00:00:00Z
283904055,2019-07-20T00:00:00Z
304200492,2019-07-21T00:00:00Z
300961395,2019-07-22T00:00:00Z
293352760,2019-07-23T00:00:00Z
294932589,2019-07-24T00:00:00Z
290429816,2019-07-25T00:00:00Z
277553900,2019-07-26T00:00:00Z
284540418,2019-07-27T00:00:00Z
298187059,2019-07-28T00:00:00Z
295534539,2019-07-29T00:00:00Z
298753413,2019-07-30T00:00:00Z
284975776,2019-07-31T00:00:00Z
276975620,2019-08-01T00:00:00Z
273520770,2019-08-02T00:00:00Z
270679170,2019-08-03T00:00:00Z
286529333,2019-08-04T00:00:00Z
297866167,2019-08-05T00:00:00Z
294668447,2019-08-06T00:00:00Z
290071182,2019-08-07T00:00:00Z
285756621,2019-08-08T00:00:00Z
280926162,2019-08-09T00:00:00Z
277408267,2019-08-10T00:00:00Z
290613285,2019-08-11T00:00:00Z
289025563,2019-08-12T00:00:00Z
287489981,2019-08-13T00:00:00Z
281284736,2019-08-14T00:00:00Z
278096083,2019-08-15T00:00:00Z
283268223,2019-08-16T00:00:00Z
288860413,2019-08-17T00:00:00Z
309818374,2019-08-18T00:00:00Z
300959491,2019-08-19T00:00:00Z
293619467,2019-08-20T00:00:00Z
295312099,2019-08-21T00:00:00Z
296025362,2019-08-22T00:00:00Z
289204023,2019-08-23T00:00:00Z
284394693,2019-08-24T00:00:00Z
296815326,2019-08-25T00:00:00Z
299333762,2019-08-26T00:00:00Z
298759710,2019-08-27T00:00:00Z
296449239,2019-08-28T00:00:00Z
294834069,2019-08-29T00:00:00Z
286361686,2019-08-30T00:00:00Z
285246298,2019-08-31T00:00:00Z
296548832,2019-09-01T00:00:00Z
298902066,2019-09-02T00:00:00Z
297544907,2019-09-03T00:00:00Z
287036811,2019-09-04T00:00:00Z
285827792,2019-09-05T00:00:00Z
271992026,2019-09-06T00:00:00Z
274355652,2019-09-07T00:00:00Z
300033073,2019-09-08T00:00:00Z
298998995,2019-09-09T00:00:00Z
290758350,2019-09-10T00:00:00Z
292414890,2019-09-11T00:00:00Z
291735837,2019-09-12T00:00:00Z
286102444,2019-09-13T00:00:00Z
279027012,2019-09-14T00:00:00Z
296296404,2019-09-15T00:00:00Z
303506933,2019-09-16T00:00:00Z
299786995,2019-09-17T00:00:00Z
301553744,2019-09-18T00:00:00Z
294479616,2019-09-19T00:00:00Z
290954026,2019-09-20T00:00:00Z
287035184,2019-09-21T00:00:00Z
310504420,2019-09-22T00:00:00Z
316327149,2019-09-23T00:00:00Z
304960205,2019-09-24T00:00:00Z
307357159,2019-09-25T00:00:00Z
297037745,2019-09-26T00:00:00Z
293091260,2019-09-27T00:00:00Z
292389952,2019-09-28T00:00:00Z
307833203,2019-09-29T00:00:00Z
306411979,2019-09-30T00:00:00Z
302818715,2019-10-01T00:00:00Z
302666184,2019-10-02T00:00:00Z
302269646,2019-10-03T00:00:00Z
299155503,2019-10-04T00:00:00Z
296664530,2019-10-05T00:00:00Z
308765682,2019-10-06T00:00:00Z
311888963,2019-10-07T00:00:00Z
310729874,2019-10-08T00:00:00Z
306374044,2019-10-09T00:00:00Z
310260265,2019-10-10T00:00:00Z
309968451,2019-10-11T00:00:00Z
306438430,2019-10-12T00:00:00Z
325304770,2019-10-13T00:00:00Z
331352342,2019-10-14T00:00:00Z
326818059,2019-10-15T00:00:00Z
341898107,2019-10-16T00:00:00Z
312829274,2019-10-17T00:00:00Z
307511209,2019-10-18T00:00:00Z
297483886,2019-10-19T00:00:00Z
317181674,2019-10-20T00:00:00Z
329649722,2019-10-21T00:00:00Z
330464705,2019-10-22T00:00:00Z
310493936,2019-10-23T00:00:00Z
304584901,2019-10-24T00:00:00Z
286742586,2019-10-25T00:00:00Z
283510291,2019-10-26T00:00:00Z
292956882,2019-10-27T00:00:00Z
309251344,2019-10-28T00:00:00Z
292450295,2019-10-29T00:00:00Z
296731999,2019-10-30T00:00:00Z
304835472,2019-10-31T00:00:00Z
300591661,2019-11-01T00:00:00Z
299561467,2019-11-02T00:00:00Z
311948968,2019-11-03T00:00:00Z
320014368,2019-11-04T00:00:00Z
311421633,2019-11-05T00:00:00Z
301649576,2019-11-06T00:00:00Z
305465343,2019-11-07T00:00:00Z
299197111,2019-11-08T00:00:00Z
296475357,2019-11-09T00:00:00Z
305987406,2019-11-10T00:00:00Z
320408583,2019-11-11T00:00:00Z
327904948,2019-11-12T00:00:00Z
321958970,2019-11-13T00:00:00Z
312676538,2019-11-14T00:00:00Z
299620332,2019-11-15T00:00:00Z
296282247,2019-11-16T00:00:00Z
315037556,2019-11-17T00:00:00Z
314104544,2019-11-18T00:00:00Z
321095614,2019-11-19T00:00:00Z
318927930,2019-11-20T00:00:00Z
302992815,2019-11-21T00:00:00Z
299095167,2019-11-22T00:00:00Z
296011146,2019-11-23T00:00:00Z
323789877,2019-11-24T00:00:00Z
333915692,2019-11-25T00:00:00Z
308759714,2019-11-26T00:00:00Z
301057402,2019-11-27T00:00:00Z
294147011,2019-11-28T00:00:00Z
290003114,2019-11-29T00:00:00Z
301478838,2019-11-30T00:00:00Z
318451733,2019-12-01T00:00:00Z
310129265,2019-12-02T00:00:00Z
317285266,2019-12-03T00:00:00Z
311102117,2019-12-04T00:00:00Z
300014209,2019-12-05T00:00:00Z
290645719,2019-12-06T00:00:00Z
293641577,2019-12-07T00:00:00Z
309244196,2019-12-08T00:00:00Z
317219599,2019-12-09T00:00:00Z
306071509,2019-12-10T00:00:00Z
315019913,2019-12-11T00:00:00Z
297251931,2019-12-12T00:00:00Z
294513879,2019-12-13T00:00:00Z
295495321,2019-12-14T00:00:00Z
311943450,2019-12-15T00:00:00Z
312705415,2019-12-16T00:00:00Z
328855629,2019-12-17T00:00:00Z
331853139,2019-12-18T00:00:00Z
305998607,2019-12-19T00:00:00Z
290614823,2019-12-20T00:00:00Z
289387001,2019-12-21T00:00:00Z
303268686,2019-12-22T00:00:00Z
299175680,2019-12-23T00:00:00Z
284880430,2019-12-24T00:00:00Z
281333834,2019-12-25T00:00:00Z
290633895,2019-12-26T00:00:00Z
296547310,2019-12-27T00:00:00Z
298960227,2019-12-28T00:00:00Z
309414913,2019-12-29T00:00:00Z
321844883,2019-12-30T00:00:00Z
287639064,2019-12-31T00:00:00Z
301607319,2020-01-01T00:00:00Z
317180685,2020-01-02T00:00:00Z
317132360,2020-01-03T00:00:00Z
317763166,2020-01-04T00:00:00Z
336518174,2020-01-05T00:00:00Z
339156212,2020-01-06T00:00:00Z
326393482,2020-01-07T00:00:00Z
314370583,2020-01-08T00:00:00Z
314445982,2020-01-09T00:00:00Z
316619346,2020-01-10T00:00:00Z
315780645,2020-01-11T00:00:00Z
332584291,2020-01-12T00:00:00Z
333259609,2020-01-13T00:00:00Z
330552462,2020-01-14T00:00:00Z
320695660,2020-01-15T00:00:00Z
320678334,2020-01-16T00:00:00Z
309863416,2020-01-17T00:00:00Z
306078279,2020-01-18T00:00:00Z
330162376,2020-01-19T00:00:00Z
334430580,2020-01-20T00:00:00Z
317784272,2020-01-21T00:00:00Z
317090826,2020-01-22T00:00:00Z
312337635,2020-01-23T00:00:00Z
309102373,2020-01-24T00:00:00Z
305867025,2020-01-25T00:00:00Z
323337725,2020-01-26T00:00:00Z
338737556,2020-01-27T00:00:00Z
321380281,2020-01-28T00:00:00Z
309700994,2020-01-29T00:00:00Z
307379686,2020-01-30T00:00:00Z
297766535,2020-01-31T00:00:00Z
291398979,2020-02-01T00:00:00Z
310768149,2020-02-02T00:00:00Z
319710638,2020-02-03T00:00:00Z
311981999,2020-02-04T00:00:00Z
318619483,2020-02-05T00:00:00Z
312004552,2020-02-06T00:00:00Z
303515886,2020-02-07T00:00:00Z
323249419,2020-02-08T00:00:00Z
326460121,2020-02-09T00:00:00Z
339969953,2020-02-10T00:00:00Z
314033484,2020-02-11T00:00:00Z
310624271,2020-02-12T00:00:00Z
305075023,2020-02-13T00:00:00Z
300335647,2020-02-14T00:00:00Z
305581585,2020-02-15T00:00:00Z
325281635,2020-02-16T00:00:00Z
321693764,2020-02-17T00:00:00Z
317235032,2020-02-18T00:00:00Z
313174467,2020-02-19T00:00:00Z
309759357,2020-02-20T00:00:00Z
296441193,2020-02-21T00:00:00Z
296866306,2020-02-22T00:00:00Z
314144249,2020-02-23T00:00:00Z
312210556,2020-02-24T00:00:00Z
304690441,2020-02-25T00:00:00Z
300630011,2020-02-26T00:00:00Z
301758893,2020-02-27T00:00:00Z
293026603,2020-02-28T00:00:00Z
295200965,2020-02-29T00:00:00Z
318856731,2020-03-01T00:00:00Z
310348110,2020-03-02T00:00:00Z
307484816,2020-03-03T00:00:00Z
304431650,2020-03-04T00:00:00Z
301752304,2020-03-05T00:00:00Z
298164587,2020-03-06T00:00:00Z
289651461,2020-03-07T00:00:00Z
309208029,2020-03-08T00:00:00Z
310713053,2020-03-09T00:00:00Z
304132367,2020-03-10T00:00:00Z
300053858,2020-03-11T00:00:00Z
287860709,2020-03-12T00:00:00Z
278904252,2020-03-13T00:00:00Z
287563627,2020-03-14T00:00:00Z
307431226,2020-03-15T00:00:00Z
287583759,2020-03-16T00:00:00Z
284529003,2020-03-17T00:00:00Z
287969083,2020-03-18T00:00:00Z
293991687,2020-03-19T00:00:00Z
303001687,2020-03-20T00:00:00Z
316944483,2020-03-21T00:00:00Z
330058752,2020-03-22T00:00:00Z
314767056,2020-03-23T00:00:00Z
322499380,2020-03-24T00:00:00Z
322034836,2020-03-25T00:00:00Z
329052739,2020-03-26T00:00:00Z
331781862,2020-03-27T00:00:00Z
343158521,2020-03-28T00:00:00Z
366672604,2020-03-29T00:00:00Z
346538299,2020-03-30T00:00:00Z
339639055,2020-03-31T00:00:00Z
345036778,2020-04-01T00:00:00Z
363572164,2020-04-02T00:00:00Z
362382283,2020-04-03T00:00:00Z
377694714,2020-04-04T00:00:00Z
386678760,2020-04-05T00:00:00Z
372673683,2020-04-06T00:00:00Z
358725797,2020-04-07T00:00:00Z
361540096,2020-04-08T00:00:00Z
373888317,2020-04-09T00:00:00Z
387365535,2020-04-10T00:00:00Z
374787811,2020-04-11T00:00:00Z
389832466,2020-04-12T00:00:00Z
386713177,2020-04-13T00:00:00Z
370467129,2020-04-14T00:00:00Z
360801393,2020-04-15T00:00:00Z
363517985,2020-04-16T00:00:00Z
370566470,2020-04-17T00:00:00Z
384117144,2020-04-18T00:00:00Z
392097332,2020-04-19T00:00:00Z
383872298,2020-04-20T00:00:00Z
380040469,2020-04-21T00:00:00Z
376834595,2020-04-22T00:00:00Z
373714228,2020-04-23T00:00:00Z
369577352,2020-04-24T00:00:00Z
380578938,2020-04-25T00:00:00Z
400173009,2020-04-26T00:00:00Z
390498991,2020-04-27T00:00:00Z
377018240,2020-04-28T00:00:00Z
384315863,2020-04-29T00:00:00Z
382262497,2020-04-30T00:00:00Z
366093368,2020-05-01T00:00:00Z
378095335,2020-05-02T00:00:00Z
389058822,2020-05-03T00:00:00Z
375907168,2020-05-04T00:00:00Z
372819343,2020-05-05T00:00:00Z
367263558,2020-05-06T00:00:00Z
358007361,2020-05-07T00:00:00Z
355508228,2020-05-08T00:00:00Z
369805146,2020-05-09T00:00:00Z
374658096,2020-05-10T00:00:00Z
361839912,2020-05-11T00:00:00Z
356295399,2020-05-12T00:00:00Z
351381993,2020-05-13T00:00:00Z
351628007,2020-05-14T00:00:00Z
344495323,2020-05-15T00:00:00Z
344778221,2020-05-16T00:00:00Z
359215559,2020-05-17T00:00:00Z
356467834,2020-05-18T00:00:00Z
348285397,2020-05-19T00:00:00Z
343957885,2020-05-20T00:00:00Z
335156968,2020-05-21T00:00:00Z
332556996,2020-05-22T00:00:00Z
347351011,2020-05-23T00:00:00Z
344625840,2020-05-24T00:00:00Z
350184433,2020-05-25T00:00:00Z
343259630,2020-05-26T00:00:00Z
339741259,2020-05-27T00:00:00Z
333188866,2020-05-28T00:00:00Z
325485160,2020-05-29T00:00:00Z
329779760,2020-05-30T00:00:00Z
341499973,2020-05-31T00:00:00Z
328808773,2020-06-01T00:00:00Z
327595575,2020-06-02T00:00:00Z
325019889,2020-06-03T00:00:00Z
326191687,2020-06-04T00:00:00Z
321382287,2020-06-05T00:00:00Z
325274332,2020-06-06T00:00:00Z
346411414,2020-06-07T00:00:00Z
337642371,2020-06-08T00:00:00Z
329874515,2020-06-09T00:00:00Z
331654381,2020-06-10T00:00:00Z
330444012,2020-06-11T00:00:00Z
323395733,2020-06-12T00:00:00Z
316805801,2020-06-13T00:00:00Z
335378851,2020-06-14T00:00:00Z
325345291,2020-06-15T00:00:00Z
324456791,2020-06-16T00:00:00Z
317637783,2020-06-17T00:00:00Z
318076624,2020-06-18T00:00:00Z
315155655,2020-06-19T00:00:00Z
315365080,2020-06-20T00:00:00Z
324829153,2020-06-21T00:00:00Z
318668474,2020-06-22T00:00:00Z
307362199,2020-06-23T00:00:00Z
304843975,2020-06-24T00:00:00Z
301669575,2020-06-25T00:00:00Z
298098618,2020-06-26T00:00:00Z
312031192,2020-06-27T00:00:00Z
321602866,2020-06-28T00:00:00Z
315418728,2020-06-29T00:00:00Z
306232246,2020-06-30T00:00:00Z
301567444,2020-07-01T00:00:00Z
304616009,2020-07-02T00:00:00Z
303296129,2020-07-03T00:00:00Z
324983901,2020-07-04T00:00:00Z
325362300,2020-07-05T00:00:00Z
322556817,2020-07-06T00:00:00Z
315431586,2020-07-07T00:00:00Z
315376829,2020-07-08T00:00:00Z
314674268,2020-07-09T00:00:00Z
308037079,2020-07-10T00:00:00Z
317531346,2020-07-11T00:00:00Z
321909509,2020-07-12T00:00:00Z
325405783,2020-07-13T00:00:00Z
314638513,2020-07-14T00:00:00Z
306725849,2020-07-15T00:00:00Z
307161161,2020-07-16T00:00:00Z
314789174,2020-07-17T00:00:00Z
318465022,2020-07-18T00:00:00Z
328088707,2020-07-19T00:00:00Z
318611390,2020-07-20T00:00:00Z
312013356,2020-07-21T00:00:00Z
306766065,2020-07-22T00:00:00Z
307694204,2020-07-23T00:00:00Z
304069906,2020-07-24T00:00:00Z
314413358,2020-07-25T00:00:00Z
329225053,2020-07-26T00:00:00Z
321018133,2020-07-27T00:00:00Z
312505368,2020-07-28T00:00:00Z
305078014,2020-07-29T00:00:00Z
302200188,2020-07-30T00:00:00Z
293093582,2020-07-31T00:00:00Z
298558746,2020-08-01T00:00:00Z
316923236,2020-08-02T00:00:00Z
301642936,2020-08-03T00:00:00Z
301673561,2020-08-04T00:00:00Z
305141101,2020-08-05T00:00:00Z
296871668,2020-08-06T00:00:00Z
288189222,2020-08-07T00:00:00Z
291691744,2020-08-08T00:00:00Z
315019560,2020-08-09T00:00:00Z
309838462,2020-08-10T00:00:00Z
306248503,2020-08-11T00:00:00Z
307225690,2020-08-12T00:00:00Z
302517914,2020-08-13T00:00:00Z
304060771,2020-08-14T00:00:00Z
306757386,2020-08-15T00:00:00Z
320032700,2020-08-16T00:00:00Z
307373600,2020-08-17T00:00:00Z
301948372,2020-08-18T00:00:00Z
304177572,2020-08-19T00:00:00Z
302521436,2020-08-20T00:00:00Z
301710940,2020-08-21T00:00:00Z
301519025,2020-08-22T00:00:00Z
319729980,2020-08-23T00:00:00Z
310803675,2020-08-24T00:00:00Z
307644892,2020-08-25T00:00:00Z
304089116,2020-08-26T00:00:00Z
303317720,2020-08-27T00:00:00Z
298830818,2020-08-28T00:00:00Z
314457197,2020-08-29T00:00:00Z
310782652,2020-08-30T00:00:00Z
307268207,2020-08-31T00:00:00Z
292993516,2020-09-01T00:00:00Z
299833922,2020-09-02T00:00:00Z
297952820,2020-09-03T00:00:00Z
289423501,2020-09-04T00:00:00Z
292078401,2020-09-05T00:00:00Z
309959200,2020-09-06T00:00:00Z
315481158,2020-09-07T00:00:00Z
306227994,2020-09-08T00:00:00Z
305371203,2020-09-09T00:00:00Z
304301247,2020-09-10T00:00:00Z
310774573,2020-09-11T00:00:00Z
309687449,2020-09-12T00:00:00Z
325471427,2020-09-13T00:00:00Z
325588760,2020-09-14T00:00:00Z
315608413,2020-09-15T00:00:00Z
316113986,2020-09-16T00:00:00Z
305852936,2020-09-17T00:00:00Z
298019360,2020-09-18T00:00:00Z
308511956,2020-09-19T00:00:00Z
322679191,2020-09-20T00:00:00Z
328858688,2020-09-21T00:00:00Z
316315330,2020-09-22T00:00:00Z
318656776,2020-09-23T00:00:00Z
310233776,2020-09-24T00:00:00Z
300953630,2020-09-25T00:00:00Z
305326009,2020-09-26T00:00:00Z
320530845,2020-09-27T00:00:00Z
314370902,2020-09-28T00:00:00Z
308435585,2020-09-29T00:00:00Z
302710040,2020-09-30T00:00:00Z
297491705,2020-10-01T00:00:00Z
294092738,2020-10-02T00:00:00Z
295968913,2020-10-03T00:00:00Z
310988409,2020-10-04T00:00:00Z
314390414,2020-10-05T00:00:00Z
319234554,2020-10-06T00:00:00Z
326019390,2020-10-07T00:00:00Z
322445182,2020-10-08T00:00:00Z
314556187,2020-10-09T00:00:00Z
314649225,2020-10-10T00:00:00Z
327725466,2020-10-11T00:00:00Z
339256168,2020-10-12T00:00:00Z
319484413,2020-10-13T00:00:00Z
320591226,2020-10-14T00:00:00Z
322141669,2020-10-15T00:00:00Z
317367327,2020-10-16T00:00:00Z
313886190,2020-10-17T00:00:00Z
324634153,2020-10-18T00:00:00Z
329245430,2020-10-19T00:00:00Z
317950422,2020-10-20T00:00:00Z
319548655,2020-10-21T00:00:00Z
317721073,2020-10-22T00:00:00Z
303703654,2020-10-23T00:00:00Z
317203875,2020-10-24T00:00:00Z
326050816,2020-10-25T00:00:00Z
326218260,2020-10-26T00:00:00Z
326311806,2020-10-27T00:00:00Z
325312170,2020-10-28T00:00:00Z
319959819,2020-10-29T00:00:00Z
313238534,2020-10-30T00:00:00Z
310265432,2020-10-31T00:00:00Z
324063940,2020-11-01T00:00:00Z
332246069,2020-11-02T00:00:00Z
331863648,2020-11-03T00:00:00Z
354845527,2020-11-04T00:00:00Z
333531657,2020-11-05T00:00:00Z
328316042,2020-11-06T00:00:00Z
339568660,2020-11-07T00:00:00Z
367480152,2020-11-08T00:00:00Z
344279866,2020-11-09T00:00:00Z
339643355,2020-11-10T00:00:00Z
339742773,2020-11-11T00:00:00Z
337392920,2020-11-12T00:00:00Z
322191960,2020-11-13T00:00:00Z
318546217,2020-11-14T00:00:00Z
342603540,2020-11-15T00:00:00Z
336724255,2020-11-16T00:00:00Z
333541208,2020-11-17T00:00:00Z
334607969,2020-11-18T00:00:00Z
335330496,2020-11-19T00:00:00Z
326586050,2020-11-20T00:00:00Z
327071395,2020-11-21T00:00:00Z
342718527,2020-11-22T00:00:00Z
338098401,2020-11-23T00:00:00Z
323615229,2020-11-24T00:00:00Z
324413478,2020-11-25T00:00:00Z
319252872,2020-11-26T00:00:00Z
312104388,2020-11-27T00:00:00Z
322976590,2020-11-28T00:00:00Z
336862988,2020-11-29T00:00:00Z
329125568,2020-11-30T00:00:00Z
314633169,2020-12-01T00:00:00Z
314376703,2020-12-02T00:00:00Z
316400721,2020-12-03T00:00:00Z
310451153,2020-12-04T00:00:00Z
319531433,2020-12-05T00:00:00Z
335022634,2020-12-06T00:00:00Z
331909421,2020-12-07T00:00:00Z
322846018,2020-12-08T00:00:00Z
320147288,2020-12-09T00:00:00Z
315496668,2020-12-10T00:00:00Z
316247427,2020-12-11T00:00:00Z
321650014,2020-12-12T00:00:00Z
336655524,2020-12-13T00:00:00Z
338905170,2020-12-14T00:00:00Z
318706155,2020-12-15T00:00:00Z
326584857,2020-12-16T00:00:00Z
308614514,2020-12-17T00:00:00Z
306301192,2020-12-18T00:00:00Z
305222076,2020-12-19T00:00:00Z
320764286,2020-12-20T00:00:00Z
308419905,2020-12-21T00:00:00Z
305163975,2020-12-22T00:00:00Z
300152536,2020-12-23T00:00:00Z
292411425,2020-12-24T00:00:00Z
296889167,2020-12-25T00:00:00Z
319552715,2020-12-26T00:00:00Z
335627774,2020-12-27T00:00:00Z
329616430,2020-12-28T00:00:00Z
324995439,2020-12-29T00:00:00Z
319973683,2020-12-30T00:00:00Z
303485802,2020-12-31T00:00:00Z
320916982,2021-01-01T00:00:00Z
342942096,2021-01-02T00:00:00Z
348913976,2021-01-03T00:00:00Z
335991143,2021-01-04T00:00:00Z
331791204,2021-01-05T00:00:00Z
331560200,2021-01-06T00:00:00Z
328949860,2021-01-07T00:00:00Z
326411220,2021-01-08T00:00:00Z
335779438,2021-01-09T00:00:00Z
350059568,2021-01-10T00:00:00Z
342930347,2021-01-11T00:00:00Z
337881240,2021-01-12T00:00:00Z
335589992,2021-01-13T00:00:00Z
333170355,2021-01-14T00:00:00Z
321946195,2021-01-15T00:00:00Z
326957646,2021-01-16T00:00:00Z
342396882,2021-01-17T00:00:00Z
339872367,2021-01-18T00:00:00Z
330336727,2021-01-19T00:00:00Z
344283200,2021-01-20T00:00:00Z
331508596,2021-01-21T00:00:00Z
323469988,2021-01-22T00:00:00Z
327851110,2021-01-23T00:00:00Z
347360633,2021-01-24T00:00:00Z
336760332,2021-01-25T00:00:00Z
331776660,2021-01-26T00:00:00Z
330370457,2021-01-27T00:00:00Z
322536174,2021-01-28T00:00:00Z
318312428,2021-01-29T00:00:00Z
326517038,2021-01-30T00:00:00Z
339227420,2021-01-31T00:00:00Z
340579862,2021-02-01T00:00:00Z
327733774,2021-02-02T00:00:00Z
335044562,2021-02-03T00:00:00Z
326653859,2021-02-04T00:00:00Z
319121401,2021-02-05T00:00:00Z
325072702,2021-02-06T00:00:00Z
342989898,2021-02-07T00:00:00Z
340416749,2021-02-08T00:00:00Z
323356858,2021-02-09T00:00:00Z
317182967,2021-02-10T00:00:00Z
322595434,2021-02-11T00:00:00Z
318765255,2021-02-12T00:00:00Z
325742587,2021-02-13T00:00:00Z
342112736,2021-02-14T00:00:00Z
335088757,2021-02-15T00:00:00Z
328079385,2021-02-16T00:00:00Z
331114729,2021-02-17T00:00:00Z
332988685,2021-02-18T00:00:00Z
335401680,2021-02-19T00:00:00Z
330006919,2021-02-20T00:00:00Z
347175839,2021-02-21T00:00:00Z
345509691,2021-02-22T00:00:00Z
336745521,2021-02-23T00:00:00Z
337037139,2021-02-24T00:00:00Z
334473546,2021-02-25T00:00:00Z
318744471,2021-02-26T00:00:00Z
319737168,2021-02-27T00:00:00Z
338492349,2021-02-28T00:00:00Z
341604678,2021-03-01T00:00:00Z
328234939,2021-03-02T00:00:00Z
320481151,2021-03-03T00:00:00Z
317720859,2021-03-04T00:00:00Z
317162671,2021-03-05T00:00:00Z
317560595,2021-03-06T00:00:00Z
336255281,2021-03-07T00:00:00Z
333686595,2021-03-08T00:00:00Z
322586627,2021-03-09T00:00:00Z
323383823,2021-03-10T00:00:00Z
320553529,2021-03-11T00:00:00Z
309977560,2021-03-12T00:00:00Z
316314550,2021-03-13T00:00:00Z
341662279,2021-03-14T00:00:00Z
337079848,2021-03-15T00:00:00Z
319980306,2021-03-16T00:00:00Z
317696171,2021-03-17T00:00:00Z
317655170,2021-03-18T00:00:00Z
314673791,2021-03-19T00:00:00Z
311791462,2021-03-20T00:00:00Z
320891857,2021-03-21T00:00:00Z
318383954,2021-03-22T00:00:00Z
314508184,2021-03-23T00:00:00Z
321701621,2021-03-24T00:00:00Z
326361792,2021-03-25T00:00:00Z
313623533,2021-03-26T00:00:00Z
316745660,2021-03-27T00:00:00Z
342674241,2021-03-28T00:00:00Z
327962787,2021-03-29T00:00:00Z
312580732,2021-03-30T00:00:00Z
314485844,2021-03-31T00:00:00Z
314696144,2021-04-01T00:00:00Z
317579547,2021-04-02T00:00:00Z
325145429,2021-04-03T00:00:00Z
326952313,2021-04-04T00:00:00Z
337809201,2021-04-05T00:00:00Z
326203486,2021-04-06T00:00:00Z
321216765,2021-04-07T00:00:00Z
319668832,2021-04-08T00:00:00Z
330827484,2021-04-09T00:00:00Z
328963627,2021-04-10T00:00:00Z
339761794,2021-04-11T00:00:00Z
331280870,2021-04-12T00:00:00Z
323038101,2021-04-13T00:00:00Z
320909029,2021-04-14T00:00:00Z
316579453,2021-04-15T00:00:00Z
315708497,2021-04-16T00:00:00Z
327800661,2021-04-17T00:00:00Z
336864743,2021-04-18T00:00:00Z
328021462,2021-04-19T00:00:00Z
324776428,2021-04-20T00:00:00Z
319103474,2021-04-21T00:00:00Z
317510339,2021-04-22T00:00:00Z
313482177,2021-04-23T00:00:00Z
314990803,2021-04-24T00:00:00Z
332072626,2021-04-25T00:00:00Z
334959234,2021-04-26T00:00:00Z
315573926,2021-04-27T00:00:00Z
313908861,2021-04-28T00:00:00Z
310831049,2021-04-29T00:00:00Z
305879778,2021-04-30T00:00:00Z
310074207,2021-05-01T00:00:00Z
321427226,2021-05-02T00:00:00Z
329518899,2021-05-03T00:00:00Z
316453482,2021-05-04T00:00:00Z
316305362,2021-05-05T00:00:00Z
311700007,2021-05-06T00:00:00Z
310059042,2021-05-07T00:00:00Z
311722273,2021-05-08T00:00:00Z
322400956,2021-05-09T00:00:00Z
327672044,2021-05-10T00:00:00Z
321232180,2021-05-11T00:00:00Z
318785676,2021-05-12T00:00:00Z
310706076,2021-05-13T00:00:00Z
314803798,2021-05-14T00:00:00Z
309764095,2021-05-15T00:00:00Z
326233236,2021-05-16T00:00:00Z
328904892,2021-05-17T00:00:00Z
320306743,2021-05-18T00:00:00Z
309904967,2021-05-19T00:00:00Z
311921932,2021-05-20T00:00:00Z
305701390,2021-05-21T00:00:00Z
305456576,2021-05-22T00:00:00Z
334565836,2021-05-23T00:00:00Z
331728808,2021-05-24T00:00:00Z
321960612,2021-05-25T00:00:00Z
320438194,2021-05-26T00:00:00Z
317758091,2021-05-27T00:00:00Z
313760955,2021-05-28T00:00:00Z
321560628,2021-05-29T00:00:00Z
327107038,2021-05-30T00:00:00Z
321098013,2021-05-31T00:00:00Z
316004515,2021-06-01T00:00:00Z
319181211,2021-06-02T00:00:00Z
311290159,2021-06-03T00:00:00Z
303261685,2021-06-04T00:00:00Z
289618650,2021-06-05T00:00:00Z
309609402,2021-06-06T00:00:00Z
315046421,2021-06-07T00:00:00Z
302029278,2021-06-08T00:00:00Z
301182357,2021-06-09T00:00:00Z
299566034,2021-06-10T00:00:00Z
295146233,2021-06-11T00:00:00Z
292573132,2021-06-12T00:00:00Z
304191512,2021-06-13T00:00:00Z
304234855,2021-06-14T00:00:00Z
293822377,2021-06-15T00:00:00Z
289955735,2021-06-16T00:00:00Z
303896926,2021-06-17T00:00:00Z
290801957,2021-06-18T00:00:00Z
292129254,2021-06-19T00:00:00Z
300519918,2021-06-20T00:00:00Z
300304853,2021-06-21T00:00:00Z
294117399,2021-06-22T00:00:00Z
295340368,2021-06-23T00:00:00Z
294557545,2021-06-24T00:00:00Z
289140853,2021-06-25T00:00:00Z
292109164,2021-06-26T00:00:00Z
307247279,2021-06-27T00:00:00Z
310044814,2021-06-28T00:00:00Z
314337264,2021-06-29T00:00:00Z
316834474,2021-06-30T00:00:00Z
325657505,2021-07-01T00:00:00Z
315590650,2021-07-02T00:00:00Z
321193498,2021-07-03T00:00:00Z
326276552,2021-07-04T00:00:00Z
330929285,2021-07-05T00:00:00Z
333600269,2021-07-06T00:00:00Z
338117210,2021-07-07T00:00:00Z
317444763,2021-07-08T00:00:00Z
305267364,2021-07-09T00:00:00Z
296026188,2021-07-10T00:00:00Z
329266188,2021-07-11T00:00:00Z
321191635,2021-07-12T00:00:00Z
313264683,2021-07-13T00:00:00Z
310744358,2021-07-14T00:00:00Z
310570389,2021-07-15T00:00:00Z
304892647,2021-07-16T00:00:00Z
307335303,2021-07-17T00:00:00Z
319047647,2021-07-18T00:00:00Z
314126138,2021-07-19T00:00:00Z
313599233,2021-07-20T00:00:00Z
307130157,2021-07-21T00:00:00Z
315734390,2021-07-22T00:00:00Z
324278081,2021-07-23T00:00:00Z
315454719,2021-07-24T00:00:00Z
328157219,2021-07-25T00:00:00Z
325222226,2021-07-26T00:00:00Z
319207475,2021-07-27T00:00:00Z
313025780,2021-07-28T00:00:00Z
313957121,2021-07-29T00:00:00Z
315764037,2021-07-30T00:00:00Z
318625355,2021-07-31T00:00:00Z
333144561,2021-08-01T00:00:00Z
320570013,2021-08-02T00:00:00Z
312812429,2021-08-03T00:00:00Z
312665692,2021-08-04T00:00:00Z
313922147,2021-08-05T00:00:00Z
308158272,2021-08-06T00:00:00Z
319242436,2021-08-07T00:00:00Z
332396017,2021-08-08T00:00:00Z
302469142,2021-08-09T00:00:00Z
309962748,2021-08-10T00:00:00Z
312892036,2021-08-11T00:00:00Z
311573083,2021-08-12T00:00:00Z
309491447,2021-08-13T00:00:00Z
305749004,2021-08-14T00:00:00Z
320598768,2021-08-15T00:00:00Z
319864252,2021-08-16T00:00:00Z
316651558,2021-08-17T00:00:00Z
310059524,2021-08-18T00:00:00Z
313459563,2021-08-19T00:00:00Z
312361291,2021-08-20T00:00:00Z
306628644,2021-08-21T00:00:00Z
315294411,2021-08-22T00:00:00Z
312569778,2021-08-23T00:00:00Z
314925772,2021-08-24T00:00:00Z
310295229,2021-08-25T00:00:00Z
307681301,2021-08-26T00:00:00Z
307185802,2021-08-27T00:00:00Z
305717359,2021-08-28T00:00:00Z
321118926,2021-08-29T00:00:00Z
323969656,2021-08-30T00:00:00Z
321829469,2021-08-31T00:00:00Z
306837186,2021-09-01T00:00:00Z
305119537,2021-09-02T00:00:00Z
298477284,2021-09-03T00:00:00Z
302556145,2021-09-04T00:00:00Z
314080179,2021-09-05T00:00:00Z
321416300,2021-09-06T00:00:00Z
316984419,2021-09-07T00:00:00Z
312720017,2021-09-08T00:00:00Z
310368096,2021-09-09T00:00:00Z
300831923,2021-09-10T00:00:00Z
306804077,2021-09-11T00:00:00Z
319804295,2021-09-12T00:00:00Z
317942370,2021-09-13T00:00:00Z
329198849,2021-09-14T00:00:00Z
345324904,2021-09-15T00:00:00Z
318327567,2021-09-16T00:00:00Z
313279064,2021-09-17T00:00:00Z
303936316,2021-09-18T00:00:00Z
314462163,2021-09-19T00:00:00Z
315643134,2021-09-20T00:00:00Z
308207929,2021-09-21T00:00:00Z
296794118,2021-09-22T00:00:00Z
290003452,2021-09-23T00:00:00Z
287103536,2021-09-24T00:00:00Z
289728153,2021-09-25T00:00:00Z
298044169,2021-09-26T00:00:00Z
300021109,2021-09-27T00:00:00Z
294765522,2021-09-28T00:00:00Z
290046580,2021-09-29T00:00:00Z
288676379,2021-09-30T00:00:00Z
282573759,2021-10-01T00:00:00Z
289569615,2021-10-02T00:00:00Z
311513690,2021-10-03T00:00:00Z
307627683,2021-10-04T00:00:00Z
298806068,2021-10-05T00:00:00Z
295299885,2021-10-06T00:00:00Z
289187177,2021-10-07T00:00:00Z
285536374,2021-10-08T00:00:00Z
288356987,2021-10-09T00:00:00Z
305196097,2021-10-10T00:00:00Z
303264244,2021-10-11T00:00:00Z
293423279,2021-10-12T00:00:00Z
291815733,2021-10-13T00:00:00Z
296342415,2021-10-14T00:00:00Z
294466931,2021-10-15T00:00:00Z
290803319,2021-10-16T00:00:00Z
304515842,2021-10-17T00:00:00Z
307880040,2021-10-18T00:00:00Z
293350841,2021-10-19T00:00:00Z
290024933,2021-10-20T00:00:00Z
290061283,2021-10-21T00:00:00Z
285789454,2021-10-22T00:00:00Z
285545557,2021-10-23T00:00:00Z
298434372,2021-10-24T00:00:00Z
306969548,2021-10-25T00:00:00Z
302401224,2021-10-26T00:00:00Z
300752618,2021-10-27T00:00:00Z
296412615,2021-10-28T00:00:00Z
295073539,2021-10-29T00:00:00Z
288224837,2021-10-30T00:00:00Z
299045244,2021-10-31T00:00:00Z
299159759,2021-11-01T00:00:00Z
304707081,2021-11-02T00:00:00Z
292139826,2021-11-03T00:00:00Z
284922743,2021-11-04T00:00:00Z
281292182,2021-11-05T00:00:00Z
276604923,2021-11-06T00:00:00Z
297574926,2021-11-07T00:00:00Z
295989931,2021-11-08T00:00:00Z
298594477,2021-11-09T00:00:00Z
287301336,2021-11-10T00:00:00Z
288235658,2021-11-11T00:00:00Z
283859793,2021-11-12T00:00:00Z
287044840,2021-11-13T00:00:00Z
304855123,2021-11-14T00:00:00Z
304107156,2021-11-15T00:00:00Z
288578229,2021-11-16T00:00:00Z
291237326,2021-11-17T00:00:00Z
291538066,2021-11-18T00:00:00Z
277398197,2021-11-19T00:00:00Z
275038923,2021-11-20T00:00:00Z
291316483,2021-11-21T00:00:00Z
289021524,2021-11-22T00:00:00Z
282756044,2021-11-23T00:00:00Z
279652336,2021-11-24T00:00:00Z
276586801,2021-11-25T00:00:00Z
272844272,2021-11-26T00:00:00Z
283460496,2021-11-27T00:00:00Z
298083087,2021-11-28T00:00:00Z
294986202,2021-11-29T00:00:00Z
289195790,2021-11-30T00:00:00Z
283421719,2021-12-01T00:00:00Z
280178562,2021-12-02T00:00:00Z
276868051,2021-12-03T00:00:00Z
279427129,2021-12-04T00:00:00Z
297187911,2021-12-05T00:00:00Z
294434315,2021-12-06T00:00:00Z
289098851,2021-12-07T00:00:00Z
289178402,2021-12-08T00:00:00Z
283888844,2021-12-09T00:00:00Z
278682034,2021-12-10T00:00:00Z
274324672,2021-12-11T00:00:00Z
290512145,2021-12-12T00:00:00Z
291548149,2021-12-13T00:00:00Z
282605691,2021-12-14T00:00:00Z
284506928,2021-12-15T00:00:00Z
276710879,2021-12-16T00:00:00Z
270207835,2021-12-17T00:00:00Z
270672136,2021-12-18T00:00:00Z
287783245,2021-12-19T00:00:00Z
283736768,2021-12-20T00:00:00Z
271438349,2021-12-21T00:00:00Z
273133636,2021-12-22T00:00:00Z
265038764,2021-12-23T00:00:00Z
262739827,2021-12-24T00:00:00Z
272649514,2021-12-25T00:00:00Z
290816285,2021-12-26T00:00:00Z
295275969,2021-12-27T00:00:00Z
294884836,2021-12-28T00:00:00Z
299279451,2021-12-29T00:00:00Z
291529610,2021-12-30T00:00:00Z
279313198,2021-12-31T00:00:00Z
309400637,2022-01-01T00:00:00Z
323259792,2022-01-02T00:00:00Z
313272140,2022-01-03T00:00:00Z
301076635,2022-01-04T00:00:00Z
300782348,2022-01-05T00:00:00Z
300675836,2022-01-06T00:00:00Z
305278353,2022-01-07T00:00:00Z
313546646,2022-01-08T00:00:00Z
325346285,2022-01-09T00:00:00Z
317629410,2022-01-10T00:00:00Z
308187335,2022-01-11T00:00:00Z
303892072,2022-01-12T00:00:00Z
301948931,2022-01-13T00:00:00Z
299883517,2022-01-14T00:00:00Z
302497911,2022-01-15T00:00:00Z
317886776,2022-01-16T00:00:00Z
309919796,2022-01-17T00:00:00Z
305038495,2022-01-18T00:00:00Z
300430996,2022-01-19T00:00:00Z
310890880,2022-01-20T00:00:00Z
309900497,2022-01-21T00:00:00Z
307445718,2022-01-22T00:00:00Z
323306676,2022-01-23T00:00:00Z
313258087,2022-01-24T00:00:00Z
307088936,2022-01-25T00:00:00Z
307505498,2022-01-26T00:00:00Z
316590066,2022-01-27T00:00:00Z
318078314,2022-01-28T00:00:00Z
325150175,2022-01-29T00:00:00Z
343780904,2022-01-30T00:00:00Z
333795051,2022-01-31T00:00:00Z
